"","Country","Year","Area_harvested_ha","production_kj","code_Area_Year","N_total_kj","N_total_t"
"1","Albania",2000,181200,8378368765200,"Albania 2000",215151041623.831,6000
"2","Albania",2006,138518,7494799053600,"Albania 2006",116929075691.452,3260.8461890477
"3","Albania",2010,142300,10275671613600,"Albania 2010",101619999153.874,2833.91607273403
"4","Albania",2014,139569,10425809424240,"Albania 2014",111361412533.075,3105.57862121194
"5","Algeria",2000,1136373,16998622280424,"Algeria 2000",236863532062.933,8000
"6","Algeria",2006,2713904,61613654610744,"Algeria 2006",1539057807474.44,51981.2499313916
"7","Algeria",2010,2912741,67193760104784,"Algeria 2010",1316968351798.68,44480.2402574581
"8","Algeria",2014,2615168,60841008931644,"Algeria 2014",1430701149454.78,48321.5339058494
"9","Argentina",2000,23303926,935852337327816,"Argentina 2000",11025997417529.5,372400
"10","Argentina",2006,26371232,1121441263015464,"Argentina 2006",19090437370820.8,644774.219300204
"11","Argentina",2010,28186718,1381272000433524,"Argentina 2010",20078225798772,678136.499068581
"12","Argentina",2014,33267729,1635633600267708,"Argentina 2014",18430989167763.1,622501.539421984
"13","Australia",2000,18666586,545692276151064,"Australia 2000",24006243788768.7,810804.215564611
"14","Australia",2006,19376273,610941287040732,"Australia 2006",17709370665524.4,598129.074958458
"15","Australia",2010,21161956,528655879556208,"Australia 2010",19326734986255.7,652755.10562329
"16","Australia",2014,20375094,639061284641004,"Australia 2014",28032894132801,946803.212420315
"17","Austria",2000,873387,66065189952204,"Austria 2000",2936120866196.78,102000
"18","Austria",2006,827746,66314339135172,"Austria 2006",2415224737572.04,83904.2173190418
"19","Austria",2010,858896,71176665749940,"Austria 2010",2680950919139.13,93135.4689449163
"20","Austria",2014,859788,83923000700580,"Austria 2014",2610708592195.39,90695.2705761272
"21","Azerbaijan",2000,697039,22306153361760,"Azerbaijan 2000",111572592915.478,3400
"22","Azerbaijan",2006,851140,31221167477832,"Azerbaijan 2006",557553202599.931,16990.5604889531
"23","Azerbaijan",2010,1027599,29877876240552,"Azerbaijan 2010",553191339588.694,16857.6395461779
"24","Azerbaijan",2014,1052506,34780926770352,"Azerbaijan 2014",619862666874.987,18889.3438101912
"25","Bangladesh",2000,12443599,489961023624000,"Bangladesh 2000",24721644227685.1,812400
"26","Bangladesh",2006,11990438,523547013014100,"Bangladesh 2006",35472722578918.8,1165700.7744995
"27","Bangladesh",2010,12962824,647261479610460,"Bangladesh 2010",32685775192742.1,1074116.41078657
"28","Bangladesh",2014,13028164,702830676810024,"Bangladesh 2014",35123809757802,1154234.83909227
"29","Belarus",2000,2717479,77704963166880,"Belarus 2000",782353808752.238,23841.0068301694
"30","Belarus",2006,2152413,83307176220960,"Belarus 2006",954850265645.306,29097.5661527687
"31","Belarus",2010,2425501,99645739809876,"Belarus 2010",7916531518718.45,241243.897450992
"32","Belarus",2014,2440003,121968681946560,"Belarus 2014",10977797075261.3,334531.170071165
"33","Belgium",2000,369100,42712406384400,"Belgium 2000",1943470934870.75,67515.625
"34","Belgium",2006,384314,44943285614580,"Belgium 2006",1206277306217.3,41905.7289673302
"35","Belgium",2010,406410,52837092485964,"Belgium 2010",1351316177007.92,46944.337898919
"36","Belgium",2014,415921,56851680023532,"Belgium 2014",1395798396602.48,48489.6374984284
"37","Bolivia_(Plurinational_State_of)",2000,1733699,43600667907816,"Bolivia_(Plurinational_State_of) 2000",233902737912.147,7900
"38","Bolivia_(Plurinational_State_of)",2006,2193897,61454306468124,"Bolivia_(Plurinational_State_of) 2006",1072617154764.88,36227.3464529743
"39","Bolivia_(Plurinational_State_of)",2010,2502694,68564646917676,"Bolivia_(Plurinational_State_of) 2010",1113718223931.23,37615.5236471039
"40","Bolivia_(Plurinational_State_of)",2014,2981079,89062082164116,"Bolivia_(Plurinational_State_of) 2014",1323923605192.49,44715.1520088193
"41","Brazil",2000,37965347,1646741121717564,"Brazil 2000",36000296079415.1,1215900
"42","Brazil",2006,48697792,2314611349602552,"Brazil 2006",50664111473306.9,1711166.29164664
"43","Brazil",2010,52984598,3078698246789760,"Brazil 2010",55023545858339.6,1858404.97704713
"44","Brazil",2014,64364238,3738993155125416,"Brazil 2014",76326579204979.5,2577909.01082063
"45","Bulgaria",2000,2322218,68120917000200,"Bulgaria 2000",3611463912971.45,100714.285714286
"46","Bulgaria",2006,2314164,95049731314440,"Bulgaria 2006",8236971322915.74,229707.59316101
"47","Bulgaria",2010,2691788,132292806433596,"Bulgaria 2010",9779928230629.67,272736.626980282
"48","Bulgaria",2014,2971679,171979716252204,"Bulgaria 2014",11185097718814.8,311923.129938754
"49","Cambodia",2000,2040270,52000779646512,"Cambodia 2000",310389920140.802,10200
"50","Cambodia",2006,2817953,92038539285792,"Cambodia 2006",2810761635483.79,92366.9449991456
"51","Cambodia",2010,3347121,131663815137864,"Cambodia 2010",2639830550717.23,86749.8261705832
"52","Cambodia",2014,3468110,161333429186340,"Cambodia 2014",3164753952068.3,103999.802237306
"53","Canada",2000,22956938,863993563397244,"Canada 2000",42734869108225.3,1371000
"54","Canada",2006,21059147,877150502136288,"Canada 2006",39325128592948.9,1261610.30619738
"55","Canada",2010,20770970,950226785365140,"Canada 2010",52983628770949.5,1699795.89409788
"56","Canada",2014,23894573,1122770999069064,"Canada 2014",66550786038999.3,2135051.06166118
"57","Chile",2000,606105,37462773806640,"Chile 2000",1231690366727.25,41600
"58","Chile",2006,588367,49448182643136,"Chile 2006",2749357907614.62,92858.7996191539
"59","Chile",2010,505729,48534760168308,"Chile 2010",2947447337717.4,99549.2150960336
"60","Chile",2014,511192,45663140309292,"Chile 2014",2141727429351.12,72336.249002048
"61","China,_mainland",2000,112593430,6314546934889128,"China,_mainland 2000",528472345360189,13167300
"62","China,_mainland",2006,109650890,6998938579577664,"China,_mainland 2006",714709717237477,17807549.141227
"63","China,_mainland",2010,117366980,7820094465315504,"China,_mainland 2010",726666594535987,18105464.0498025
"64","China,_mainland",2014,121155332,8753731096627548,"China,_mainland 2014",563504497141970,14040153.3407777
"65","Colombia",2000,1969051,120785280540084,"Colombia 2000",3369383743595.23,113800
"66","Colombia",2006,2005055,134940775349664,"Colombia 2006",1983323782746.18,66986.2098389792
"67","Colombia",2010,1925663,132885993304296,"Colombia 2010",1750265280466.87,59114.7236629683
"68","Colombia",2014,2001976,158260306053960,"Colombia 2014",2147179066383.14,72520.3765284611
"69","Costa_Rica",2000,174902,13255635682692,"Costa_Rica 2000",556629300347.893,18800
"70","Costa_Rica",2006,176188,15523978859820,"Costa_Rica 2006",198191746096.538,6693.87117114776
"71","Costa_Rica",2010,214815,16233569530596,"Costa_Rica 2010",243610275476.156,8227.8693846862
"72","Costa_Rica",2014,208401,16281268905636,"Costa_Rica 2014",282442538506.683,9539.41828180251
"73","Croatia",2000,703487,37068175317276,"Croatia 2000",2456307725205.41,68500
"74","Croatia",2006,677706,49522638349728,"Croatia 2006",496989041456.605,13859.7248994649
"75","Croatia",2010,659676,49175101376424,"Croatia 2010",414267496946.379,11552.8373133517
"76","Croatia",2014,600476,49495732256340,"Croatia 2014",2554112709735,71227.5252899011
"77","Cyprus",2000,57930,1009755676800,"Cyprus 2000",164744851564.989,4594.30315526042
"78","Cyprus",2006,58763,1291849532928,"Cyprus 2006",163580623003.581,4561.83586476662
"79","Cyprus",2010,36318,1138646817216,"Cyprus 2010",112595819856.592,3140.00301388606
"80","Cyprus",2014,30037,426902163444,"Cyprus 2014",86391096417.099,2409.22179409602
"81","Czechia",2000,1983809,108811149896088,"Czechia 2000",5498030249446.91,191000
"82","Czechia",2006,1802253,107172455551632,"Czechia 2006",4800128157767.18,166755.080735644
"83","Czechia",2010,1789621,116532841355064,"Czechia 2010",5044651034045.51,175249.735593874
"84","Czechia",2014,1750408,152122648381380,"Czechia 2014",4974448583059.32,172810.922504457
"85","Denmark",2000,1557082,135151558958304,"Denmark 2000",5236331396751.75,181908.656628471
"86","Denmark",2006,1556900,127148351421600,"Denmark 2006",4031892098914.77,140066.779547128
"87","Denmark",2010,1605400,132081419214000,"Denmark 2010",4384767806278.45,152325.580799312
"88","Denmark",2014,1589400,151039245427200,"Denmark 2014",4063485053770.69,141164.309772264
"89","Dominican_Republic",2000,296002,14428031331744,"Dominican_Republic 2000",808296803164.76,27300
"90","Dominican_Republic",2006,284509,16177250874132,"Dominican_Republic 2006",375007926317.825,12665.7885425161
"91","Dominican_Republic",2010,312167,17957404295244,"Dominican_Republic 2010",358461548063.686,12106.9392131987
"92","Dominican_Republic",2014,328365,17002474638840,"Dominican_Republic 2014",474460802012.768,16024.781793314
"93","Ecuador",2000,1138322,42996423949524,"Ecuador 2000",1717260607456.27,58000
"94","Ecuador",2006,1145336,52795509648912,"Ecuador 2006",953359837309.349,32199.4636829462
"95","Ecuador",2010,1297837,69088922577288,"Ecuador 2010",1012443035639.21,34194.9822945378
"96","Ecuador",2014,1335436,79708729682268,"Ecuador 2014",1162991630655.35,39279.7192721538
"97","Egypt",2000,3046645,302545879918128,"Egypt 2000",14513812927156.2,490200
"98","Egypt",2006,3310729,337177755352440,"Egypt 2006",25811672952768.1,871782.084070588
"99","Egypt",2010,3365276,303665529549024,"Egypt 2010",23136570007729.5,781431.225186063
"100","Egypt",2014,3679729,365290599051288,"Egypt 2014",22146507362015.6,747992.134344475
"101","El_Salvador",2000,433154,17992884075804,"El_Salvador 2000",977062069759.6,33000
"102","El_Salvador",2006,401449,20108993404608,"El_Salvador 2006",344251521998.336,11626.999530071
"103","El_Salvador",2010,425211,20916164483208,"El_Salvador 2010",326826879129.687,11038.487057361
"104","El_Salvador",2014,491035,23582013966036,"El_Salvador 2014",444806216927.772,15023.206419453
"105","Estonia",2000,322699,9816443962848,"Estonia 2000",462574739491.237,12900
"106","Estonia",2006,314183,9694539084384,"Estonia 2006",942789114906.695,26291.9233239427
"107","Estonia",2010,344336,11625285044484,"Estonia 2010",1083514514404.83,30216.3867642129
"108","Estonia",2014,382000,19409846957640,"Estonia 2014",1213284987529.23,33835.3459515347
"109","Ethiopia",2000,5089730,94602934189152,"Ethiopia 2000",1426423626868.62,48177.0617687025
"110","Ethiopia",2006,6002602,155019654692856,"Ethiopia 2006",2864387125077.55,96743.8794864039
"111","Ethiopia",2010,7050353,211719975406848,"Ethiopia 2010",2835062303043.44,95753.4417679857
"112","Ethiopia",2014,7335582,279519328163808,"Ethiopia 2014",3380650656124.54,114180.53684098
"113","Finland",2000,837800,40230735112800,"Finland 2000",1954817063784.58,67909.7862767154
"114","Finland",2006,913600,42338864275200,"Finland 2006",2122479383769.47,73734.3273694702
"115","Finland",2010,836700,35214597021600,"Finland 2010",2035407478961.92,70709.4742741432
"116","Finland",2014,853000,44968032324000,"Finland 2014",1983428588800.51,68903.7424810473
"117","France",2000,10837919,1022226695318880,"France 2000",24206131575628.7,840914.094899749
"118","France",2006,10805578,964029777614748,"France 2006",31625887383515.2,1098674.29173549
"119","France",2010,11092608,1033094432787480,"France 2010",34250474152057.3,1189851.68619271
"120","France",2014,11429672,1151536899329496,"France 2014",35308833501790.2,1226618.78761405
"121","Germany",2000,7648740,687660313864032,"Germany 2000",36032160219204.1,1251746.95111223
"122","Germany",2006,7816200,702598559864400,"Germany 2006",20701986197032.9,719181.085631725
"123","Germany",2010,7774261,724567470003072,"Germany 2010",21800014689459.5,757326.281736197
"124","Germany",2014,7572600,840005358404400,"Germany 2014",21031786784959.8,730638.263827566
"125","Greece",2000,1310723,73248291040500,"Greece 2000",3602924912037.17,125164.582037054
"126","Greece",2006,1217524,69577958820528,"Greece 2006",4009917465191.29,139303.387050041
"127","Greece",2010,1234767,71804962664892,"Greece 2010",4162891946399.82,144617.676820231
"128","Greece",2014,1051312,64103085781200,"Greece 2014",3430665403094.42,119180.335913385
"129","Guatemala",2000,886297,41515844567616,"Guatemala 2000",2377517703081.69,80300
"130","Guatemala",2006,888662,53214432273972,"Guatemala 2006",905050755238.823,30567.8378552037
"131","Guatemala",2010,1193001,62858904724728,"Guatemala 2010",1120595502635.77,37847.8018249945
"132","Guatemala",2014,1331128,84225767635332,"Guatemala 2014",1395735859001.87,47140.5909333828
"133","Guinea",2000,1752110,35396321977368,"Guinea 2000",307922591681.813,10400
"134","Guinea",2006,2198795,46151840059416,"Guinea 2006",1391413309106.08,46994.5980113608
"135","Guinea",2010,2902860,50004761641884,"Guinea 2010",1868492199486.93,63107.80501206
"136","Guinea",2014,3092487,55547813411640,"Guinea 2014",2286973341470.63,77241.8893377978
"137","Honduras",2000,529876,18777053503224,"Honduras 2000",1252415925782.76,42300
"138","Honduras",2006,554272,26871260635512,"Honduras 2006",461858331025.16,15599.1368363939
"139","Honduras",2010,568014,31140744408936,"Honduras 2010",466913472530.293,15769.8728365238
"140","Honduras",2014,606183,32294944183320,"Honduras 2014",527284773041.979,17808.8967415003
"141","Hungary",2000,3105930,153442314887904,"Hungary 2000",4484780695622.14,155800
"142","Hungary",2006,3403233,227550937937040,"Hungary 2006",10920151495699.2,379362.942917307
"143","Hungary",2010,3264596,197648004410244,"Hungary 2010",10978108450786.4,381376.350977906
"144","Hungary",2014,3539060,271273311012960,"Hungary 2014",11753721582784.8,408320.929579777
"145","India",2000,128262300,3801332220733152,"India 2000",204133811446759,5732200
"146","India",2006,128637300,3963186644635152,"India 2006",334667231155403,9397656.80576312
"147","India",2010,128241790,4419197425217520,"India 2010",458181358123007,12866007.65654
"148","India",2014,130199260,4862949395825160,"India 2014",454158173021549,12753034.2031217
"149","Indonesia",2000,20625584,1172436372925164,"Indonesia 2000",52288529389994.2,1718300
"150","Indonesia",2006,22297170,1592506420544520,"Indonesia 2006",55907999658536.8,1837242.64067076
"151","Indonesia",2010,26235990,2007687436589592,"Indonesia 2010",76982975528471.3,2529806.21933278
"152","Indonesia",2014,28547810,2380489951714524,"Indonesia 2014",77125853546820.8,2534501.46132551
"153","Iran_(Islamic_Republic_of)",2000,7370042,192687516762228,"Iran_(Islamic_Republic_of) 2000",16718804289753.8,564672.970774131
"154","Iran_(Islamic_Republic_of)",2006,9920284,338360501022300,"Iran_(Islamic_Republic_of) 2006",22428380260361.2,757512.31318807
"155","Iran_(Islamic_Republic_of)",2010,9425133,295062426045828,"Iran_(Islamic_Republic_of) 2010",17889281584692.6,604205.516278109
"156","Iran_(Islamic_Republic_of)",2014,8979523,269007311941416,"Iran_(Islamic_Republic_of) 2014",15937050895098.7,538269.467023377
"157","Ireland",2000,276719,29980099139688,"Ireland 2000",1008233276017.06,35025.7359421823
"158","Ireland",2006,271312,28455965691552,"Ireland 2006",671459885443.126,23326.3245746126
"159","Ireland",2010,273002,28125328862052,"Ireland 2010",686301757756.756,23841.9269782532
"160","Ireland",2014,306393,35880189364800,"Ireland 2014",667001819510.513,23171.4526378468
"161","Israel",2000,106136,4568036819580,"Israel 2000",435236740165.64,14700
"162","Israel",2006,131700,5861968490016,"Israel 2006",80098365751.6447,2705.30005371576
"163","Israel",2010,103300,5670739916928,"Israel 2010",51401293444.8554,1736.06440796292
"164","Israel",2014,107662,7812058177872,"Israel 2014",60028308988.2798,2027.43946154888
"165","Italy",2000,4578414,315936897160464,"Italy 2000",14801765497463.5,514209.104306024
"166","Italy",2006,4030443,299165839601760,"Italy 2006",13010728380859.3,451988.986600087
"167","Italy",2010,3666464,273956605844688,"Italy 2010",12378560676270.8,430027.661162024
"168","Italy",2014,3664876,292024375904520,"Italy 2014",12115287526155,420881.627147903
"169","Japan",2000,2287273,166012563581280,"Japan 2000",5495388862383.52,183313.809708738
"170","Japan",2006,2245683,152674890357744,"Japan 2006",2456144287786.28,81931.447958202
"171","Japan",2010,2171631,146796070835088,"Japan 2010",5943383016355.65,198257.886852035
"172","Japan",2014,2113635,150448281286752,"Japan 2014",5216024296625.96,173994.836269535
"173","Jordan",2000,36731,1087837780212,"Jordan 2000",47372706412.5867,1600
"174","Jordan",2006,69329,1328803778844,"Jordan 2006",28673739851.7184,968.447598564052
"175","Jordan",2010,50261,1746453239892,"Jordan 2010",19126701296.7118,645.999023323859
"176","Jordan",2014,68756,1852970037372,"Jordan 2014",25718759706.1774,868.643964976224
"177","Kenya",2000,2140112,47555819213904,"Kenya 2000",1015552393719.83,34300
"178","Kenya",2006,2666233,74505140390808,"Kenya 2006",1769107397770.96,59751.1109409925
"179","Kenya",2010,2823364,80476336170756,"Kenya 2010",1619551949420.4,54699.9172161324
"180","Kenya",2014,2954946,79851737246904,"Kenya 2014",1819047162993.39,61437.812639223
"181","Kuwait",2000,2062,167189097924,"Kuwait 2000",5921588301.57333,200
"182","Kuwait",2006,2914,312884336952,"Kuwait 2006",931802041.108487,31.4713551045388
"183","Kuwait",2010,3207,405399889080,"Kuwait 2010",994546455.814003,33.5905302822135
"184","Kuwait",2014,4279,927256080708,"Kuwait 2014",1493820777.54849,50.4533818114843
"185","Lao_People's_Democratic_Republic",2000,808570,28648682211492,"Lao_People's_Democratic_Republic 2000",352992458199.344,11600
"186","Lao_People's_Democratic_Republic",2006,908775,39748020518880,"Lao_People's_Democratic_Republic 2006",902212770242.281,29648.4185191861
"187","Lao_People's_Democratic_Republic",2010,1135639,55681899868440,"Lao_People's_Democratic_Republic 2010",921149986605.401,30270.7312760443
"188","Lao_People's_Democratic_Republic",2014,1333081,79075669779900,"Lao_People's_Democratic_Republic 2014",1258688295656.66,41362.8786974588
"189","Latvia",2000,406000,13387117154400,"Latvia 2000",73451024445.9384,2048.35702095349
"190","Latvia",2006,540400,18233601922800,"Latvia 2006",1735811517468.46,48407.2446324478
"191","Latvia",2010,570700,23986277683200,"Latvia 2010",1979049015049.6,55190.5024520336
"192","Latvia",2014,663000,33124554667728,"Latvia 2014",2395053266935.67,66791.7733195965
"193","Lebanon",2000,66299,2626840355472,"Lebanon 2000",106588589428.32,3600
"194","Lebanon",2006,92730,3883498997040,"Lebanon 2006",48855480160.2875,1650.080271447
"195","Lebanon",2010,55832,2451722253840,"Lebanon 2010",24645621665.7481,832.399025754625
"196","Lebanon",2014,72222,3912504142608,"Lebanon 2014",34958139900.5758,1180.70146454753
"197","Lithuania",2000,1027931,40292111256192,"Lithuania 2000",992429659557.908,27676.2683201804
"198","Lithuania",2006,988900,27725244994800,"Lithuania 2006",3085364863569.3,86042.7588065431
"199","Lithuania",2010,1094500,43389428691600,"Lithuania 2010",3697441704633.55,103111.981519424
"200","Lithuania",2014,1274300,73873724644800,"Lithuania 2014",4539956758017.95,126607.523451983
"201","Luxembourg",2000,26510,1929498293700,"Luxembourg 2000",68387080297.7795,2375.74763037906
"202","Luxembourg",2006,28940,2245485551868,"Luxembourg 2006",75065660123.1004,2607.75958534504
"203","Luxembourg",2010,28871,2263355567892,"Luxembourg 2010",79348746245.149,2756.55277348612
"204","Luxembourg",2014,26817,2206484211960,"Luxembourg 2014",71935323643.7417,2499.01259043398
"205","Madagascar",2000,1923968,47324171064276,"Madagascar 2000",68098265468.0933,2300
"206","Madagascar",2006,2089697,65582274266280,"Madagascar 2006",1786761306195.33,60347.3667941622
"207","Madagascar",2010,2165492,80505821877228,"Madagascar 2010",1572493104414.4,53110.5177979561
"208","Madagascar",2014,1755378,71084483341488,"Madagascar 2014",1448490765033.66,48922.3732304661
"209","Malawi",2000,2122881,62217296925876,"Malawi 2000",1015552393719.83,34300
"210","Malawi",2006,2612039,68031026571672,"Malawi 2006",1600907908323.05,54070.2199069698
"211","Malawi",2010,2722167,91420555380336,"Malawi 2010",1347449204653.9,45509.7225957398
"212","Malawi",2014,2735355,101097496674432,"Malawi 2014",1443207865463.18,48743.9447649451
"213","Malaysia",2000,4132623,470508588034344,"Malaysia 2000",10425449670611.7,342600
"214","Malaysia",2006,4850453,641742339241656,"Malaysia 2006",13286805597007.8,436629.569117454
"215","Malaysia",2010,5547748,672059614322556,"Malaysia 2010",13953706309132.7,458545.188221928
"216","Malaysia",2014,5317036,758829599206668,"Malaysia 2014",16903326862975.6,555475.299984416
"217","Malta",2000,4706,261720343044,"Malta 2000",13940750354.9261,484.297684258602
"218","Malta",2006,3920,226386556200,"Malta 2006",11786490122.1047,409.459299273312
"219","Malta",2010,4081,266305558932,"Malta 2010",12720015952.3429,441.889719894119
"220","Malta",2014,4398,277225905636,"Malta 2014",14343850069.5632,498.301253173748
"221","Mauritania",2000,211030,2429774797032,"Mauritania 2000",100667001126.747,3400
"222","Mauritania",2006,254445,2245627986804,"Mauritania 2006",79262070993.2562,2677.05443055528
"223","Mauritania",2010,293039,3673700458704,"Mauritania 2010",73563283441.1796,2484.57946398044
"224","Mauritania",2014,223913,4613006191680,"Mauritania 2014",96442539767.0637,3257.3199910382
"225","Mexico",2000,11011943,474621629806764,"Mexico 2000",24657493687751.4,832800
"226","Mexico",2006,10865372,543270441075948,"Mexico 2006",25388162116805,857478.123227834
"227","Mexico",2010,10967974,586841271376752,"Mexico 2010",26423464884122.5,892445.186609879
"228","Mexico",2014,11356231,623712621206700,"Mexico 2014",33823463542999.3,1142378.08575826
"229","Morocco",2000,5557066,33636868681608,"Morocco 2000",1825771416081.42,61664.9224194234
"230","Morocco",2006,5690142,135558968134572,"Morocco 2006",3612117813131.1,121998.275772444
"231","Morocco",2010,5178386,115777277694360,"Morocco 2010",3678585414899.87,124243.200558961
"232","Morocco",2014,4834873,103227746836500,"Morocco 2014",4126870397769.55,139383.901331778
"233","Myanmar",2000,8413652,281952950713776,"Myanmar 2000",4001595539070.15,131500
"234","Myanmar",2006,10735477,421017406704000,"Myanmar 2006",9922783609699.67,326081.442248587
"235","Myanmar",2010,11105932,458121411818316,"Myanmar 2010",8188864828858.74,269101.590723272
"236","Myanmar",2014,9730360,396216303215760,"Myanmar 2014",8427951366776.91,276958.426685145
"237","Netherlands",2000,391100,46833494558400,"Netherlands 2000",2006760479977.63,69714.2857142857
"238","Netherlands",2006,367020,40886861101200,"Netherlands 2006",1092451173954.81,37951.4416542834
"239","Netherlands",2010,365661,44500600931724,"Netherlands 2010",1130036740847.71,39257.1535094092
"240","Netherlands",2014,342727,43776255768408,"Netherlands 2014",1110383765306.89,38574.414754257
"241","New_Zealand",2000,145516,13176529488000,"New_Zealand 2000",387864033753.053,13100
"242","New_Zealand",2006,125115,12425785169040,"New_Zealand 2006",60184879601.6614,2032.727590524
"243","New_Zealand",2010,143585,14992847482680,"New_Zealand 2010",60769882428.2788,2052.48589849222
"244","New_Zealand",2014,150480,16487264071116,"New_Zealand 2014",672199115759.571,22703.3384128029
"245","Nicaragua",2000,549603,17611234019064,"Nicaragua 2000",453001505070.36,15300
"246","Nicaragua",2006,563905,21494335270104,"Nicaragua 2006",483460747391.538,16328.7524484972
"247","Nicaragua",2010,568607,23378328281304,"Nicaragua 2010",432604815254.364,14611.1074672119
"248","Nicaragua",2014,584515,24531819397920,"Nicaragua 2014",492920469559.106,16648.2519370062
"249","Nigeria",2000,27338414,571589907332256,"Nigeria 2000",2051830346495.16,69300
"250","Nigeria",2006,29186000,758947934880000,"Nigeria 2006",10831637433537.7,365835.545529561
"251","Nigeria",2010,26225427,673046282351304,"Nigeria 2010",9838443943033.55,332290.711274863
"252","Nigeria",2014,30229446,729378128575080,"Nigeria 2014",13124656844692.3,443281.63919147
"253","Norway",2000,255559,13758224555664,"Norway 2000",815939198709.037,28345.4946376666
"254","Norway",2006,264895,14074393772160,"Norway 2006",96773029335.8051,3361.86738968892
"255","Norway",2010,244248,13760156345184,"Norway 2010",71809738585.5439,2494.64980139363
"256","Norway",2014,228246,14492309429952,"Norway 2014",84064638320.3857,2920.38151678211
"257","Pakistan",2000,14306751,484271566994484,"Pakistan 2000",39498638857133.5,1298000
"258","Pakistan",2006,14602655,516398322481380,"Pakistan 2006",48965086030841.2,1609085.36362269
"259","Pakistan",2010,14943191,553543440003900,"Pakistan 2010",65645921780580.9,2157249.18469704
"260","Pakistan",2014,15744929,662375190463236,"Pakistan 2014",69250596031571.5,2275705.60023858
"261","Paraguay",2000,2071498,74299069821060,"Paraguay 2000",461883887522.72,15600
"262","Paraguay",2006,3762812,118244582087364,"Paraguay 2006",1434104915513.99,48436.4951590085
"263","Paraguay",2010,4659741,202132297819188,"Paraguay 2010",1685618071063.38,56931.2821229237
"264","Paraguay",2014,5486036,237513667184640,"Paraguay 2014",1958135120366.91,66135.46976397
"265","Philippines",2000,7191753,249825954988296,"Philippines 2000",9734679946376.73,319900
"266","Philippines",2006,7392865,312499305844920,"Philippines 2006",9938061906506.12,326583.515986533
"267","Philippines",2010,7506648,317191146005556,"Philippines 2010",10578993101523.2,347645.727627324
"268","Philippines",2014,8088630,385569003865392,"Philippines 2014",15816351843515.9,519755.244405745
"269","Poland",2000,7702960,312655261088556,"Poland 2000",16606074562666,463100
"270","Poland",2006,6249292,256001350340808,"Poland 2006",20588318597036.1,574154.373829133
"271","Poland",2010,5850971,316778230308060,"Poland 2010",20080141809871.4,559982.651954234
"272","Poland",2014,5981272,402225245593524,"Poland 2014",21354038446304.4,595508.298313694
"273","Portugal",2000,578130,23488133349636,"Portugal 2000",2261683880369.25,78570.2518086333
"274","Portugal",2006,345095,16835064268536,"Portugal 2006",1114537351847.19,38718.709163928
"275","Portugal",2010,257477,14325371079480,"Portugal 2010",894712097480.594,31082.042634448
"276","Portugal",2014,264008,19208229133428,"Portugal 2014",920184828244.1,31966.9580232491
"277","Republic_of_Korea",2000,1282407,91443745856196,"Republic_of_Korea 2000",4022309302649.44,132180.693459417
"278","Republic_of_Korea",2006,1149148,81189614407500,"Republic_of_Korea 2006",1058734959495.75,34792.0337811158
"279","Republic_of_Korea",2010,1064842,74446908911028,"Republic_of_Korea 2010",811766765860.59,26676.1917011414
"280","Republic_of_Korea",2014,973642,72773077978008,"Republic_of_Korea 2014",873557058812.333,28706.7376280899
"281","Republic_of_Moldova",2000,1228598,32014453285440,"Republic_of_Moldova 2000",66135953159.8018,2015.3895761271
"282","Republic_of_Moldova",2006,1247750,39404693079900,"Republic_of_Moldova 2006",790314871427.067,24083.6077448485
"283","Republic_of_Moldova",2010,1240789,42535029001752,"Republic_of_Moldova 2010",640502491527.64,19518.3101359284
"284","Republic_of_Moldova",2014,1325069,52455526374564,"Republic_of_Moldova 2014",761542291141.354,23206.8084304727
"285","Romania",2000,6460212,168996027563964,"Romania 2000",27275396333794.6,760639.487346273
"286","Romania",2006,6401894,262081459944972,"Romania 2006",26085156839547.9,727446.819945823
"287","Romania",2010,6425564,282932095104792,"Romania 2010",27202474453491.8,758605.886771929
"288","Romania",2014,6853749,373046294108880,"Romania 2014",28980441566167.9,808188.740731373
"289","Russian_Federation",2000,43288696,937039005652464,"Russian_Federation 2000",22117281485122.5,673989.508394626
"290","Russian_Federation",2006,45432192,1176137254298808,"Russian_Federation 2006",22927605054608.3,698682.849870868
"291","Russian_Federation",2010,38680392,938020117839480,"Russian_Federation 2010",35472606328850.2,1080972.11301217
"292","Russian_Federation",2014,49638199,1612846663557264,"Russian_Federation 2014",35655845191506.4,1086556.03032332
"293","Saudi_Arabia",2000,631906,31554985521708,"Saudi_Arabia 2000",1746868548964.13,59000
"294","Saudi_Arabia",2006,623236,44142547763520,"Saudi_Arabia 2006",399043834740.113,13477.5946728377
"295","Saudi_Arabia",2010,299981,23157106184772,"Saudi_Arabia 2010",161708101560.836,5461.64621130012
"296","Saudi_Arabia",2014,253531,13465559699424,"Saudi_Arabia 2014",118759368392.768,4011.06467875229
"297","Slovakia",2000,975774,36014435924832,"Slovakia 2000",2149302934892.46,59938.439117119
"298","Slovakia",2006,964268,50009172226344,"Slovakia 2006",3370103586566.95,93983.3772906168
"299","Slovakia",2010,932385,45142083168444,"Slovakia 2010",3485110508745.25,97190.6196439968
"300","Slovakia",2014,997006,79758300808116,"Slovakia 2014",3784029336424.18,105526.684171211
"301","Slovenia",2000,107861,7564201125120,"Slovenia 2000",474070725284.254,13220.5929854558
"302","Slovenia",2006,98991,7297655578812,"Slovenia 2006",415984323466.166,11600.7151160385
"303","Slovenia",2010,97844,8552335831776,"Slovenia 2010",433958022130.198,12101.9545763277
"304","Slovenia",2014,101625,9695072524572,"Slovenia 2014",432040294224.837,12048.4741592898
"305","South_Africa",2000,6191778,261024926156604,"South_Africa 2000",8760989892177.75,295900
"306","South_Africa",2006,4133864,183766312964772,"South_Africa 2006",9331007409508.78,315152.183309656
"307","South_Africa",2010,4655584,260014427867088,"South_Africa 2010",8928609207324.1,301561.295808147
"308","South_Africa",2014,4965597,302311623057156,"South_Africa 2014",10474864929412.5,353785.653306206
"309","Spain",2000,7293317,350255110810932,"Spain 2000",19351360350769.6,672260.729625635
"310","Spain",2006,6396691,267129104334192,"Spain 2006",16311680763759.7,566663.129252793
"311","Spain",2010,6211473,279578881835028,"Spain 2010",16484092610319.6,572652.667541757
"312","Spain",2014,6574438,295092058625244,"Spain 2014",16885215666586.2,586587.567909871
"313","Sri_Lanka",2000,929890,36804492453600,"Sri_Lanka 2000",2592668744705.52,85200
"314","Sri_Lanka",2006,1011033,42901784559360,"Sri_Lanka 2006",1048059204221.72,34441.2082654363
"315","Sri_Lanka",2010,1180770,55871484871320,"Sri_Lanka 2010",995916684088.145,32727.7064058361
"316","Sri_Lanka",2014,1024195,46628845072308,"Sri_Lanka 2014",1016737190963.69,33411.9076519146
"317","Sweden",2000,928393,63357253416000,"Sweden 2000",2732589808378.54,94929.3892031253
"318","Sweden",2006,808400,51231091564800,"Sweden 2006",2101360616123.32,73000.6674153767
"319","Sweden",2010,866100,56669799193200,"Sweden 2010",2334932692480.75,81114.8946131547
"320","Sweden",2014,927200,76340641633200,"Sweden 2014",2477424206217.75,86065.0090885171
"321","Switzerland",2000,200034,17999570604744,"Switzerland 2000",1002786305966.35,34836.5097588978
"322","Switzerland",2006,187546,15700298866128,"Switzerland 2006",100781745699.594,3501.12905081943
"323","Switzerland",2010,176763,14840388677592,"Switzerland 2010",81018351020.4885,2814.55436635148
"324","Switzerland",2014,171401,16732233571644,"Switzerland 2014",88503120252.4992,3074.57311096604
"325","Syrian_Arab_Republic",2000,3097185,51291796145472,"Syrian_Arab_Republic 2000",3298324683976.35,111400
"326","Syrian_Arab_Republic",2006,3191197,90386322289092,"Syrian_Arab_Republic 2006",1651302276115.61,55772.275680728
"327","Syrian_Arab_Republic",2010,3215373,56937695149980,"Syrian_Arab_Republic 2010",1299516938482.75,43890.8236203275
"328","Syrian_Arab_Republic",2014,2576925,39616356042144,"Syrian_Arab_Republic 2014",1218599857233.14,41157.871678089
"329","Thailand",2000,13873315,559451320356564,"Thailand 2000",21992038753505.7,722700
"330","Thailand",2006,13863878,627788301818112,"Thailand 2006",16091225848955.2,528788.124256381
"331","Thailand",2010,16057141,744343781284512,"Thailand 2010",27753794886975.1,912042.207165517
"332","Thailand",2014,15288335,816272938839996,"Thailand 2014",37128494732742.3,1220112.58001605
"333","Togo",2000,887530,15539740277760,"Togo 2000",139157325086.973,4700
"334","Togo",2006,985714,18468614375568,"Togo 2006",479595414377.216,16198.201899642
"335","Togo",2010,1118553,21878459139492,"Togo 2010",473099243107.388,15978.7955194956
"336","Togo",2014,1496626,26652792071736,"Togo 2014",675574495811.88,22817.3409364641
"337","Turkey",2000,14227315,474156099724104,"Turkey 2000",23646111735479.5,821459.165658633
"338","Turkey",2006,13668617,510281613378864,"Turkey 2006",26332515589166.2,914784.067991751
"339","Turkey",2010,12763431,490083059674908,"Turkey 2010",26021976551455.2,903996.030547112
"340","Turkey",2014,12303568,495113230328724,"Turkey 2014",28191463171518.3,979363.375874783
"341","Ukraine",2000,15863700,419622059307600,"Ukraine 2000",7759998933522.85,236473.812112308
"342","Ukraine",2006,19472900,608385076954560,"Ukraine 2006",9286650772215.88,282996.135524551
"343","Ukraine",2010,21508610,736015445449200,"Ukraine 2010",18373896117449.9,559915.703013689
"344","Ukraine",2014,23302000,1200174206664600,"Ukraine 2014",34680976407835.3,1056848.43119105
"345","United_Republic_of_Tanzania",2000,3738240,81831611285676,"United_Republic_of_Tanzania 2000",532942947141.6,18000
"346","United_Republic_of_Tanzania",2006,6326710,123813801817668,"United_Republic_of_Tanzania 2006",3377370425614.72,114069.747966686
"347","United_Republic_of_Tanzania",2010,7243771,160460638014528,"United_Republic_of_Tanzania 2010",3588085528295.14,121186.592027744
"348","United_Republic_of_Tanzania",2014,10839418,247460555841912,"United_Republic_of_Tanzania 2014",5163586842576.28,174398.711278335
"349","United_States_of_America",2000,90288879,6215180145946488,"United_States_of_America 2000",257241469211853,8252700
"350","United_States_of_America",2006,85033417,6316450142716512,"United_States_of_America 2006",259905963000045,8338181.03831464
"351","United_States_of_America",2010,90742570,7295133095032680,"United_States_of_America 2010",250933117473215,8050318.42228253
"352","United_States_of_America",2014,93671726,8166357756700344,"United_States_of_America 2014",255010983236488,8181142.59650169
"353","Uruguay",2000,534852,23978928802500,"Uruguay 2000",1131023365600.51,38200
"354","Uruguay",2006,949030,44960580531756,"Uruguay 2006",478510596172.399,16161.5624661127
"355","Uruguay",2010,1638127,70310418630264,"Uruguay 2010",629008665085.515,21244.5929386341
"356","Uruguay",2014,2218275,92552607610740,"Uruguay 2014",793004436290.751,26783.50455671
"357","Uzbekistan",2000,1589800,59423825991600,"Uzbekistan 2000",1419643977421.24,43261.426458815
"358","Uzbekistan",2006,1669800,95318536476708,"Uzbekistan 2006",1497010177374.79,45619.0402147427
"359","Uzbekistan",2010,1757149,108998707399200,"Uzbekistan 2010",5735704666868.2,174786.615223017
"360","Uzbekistan",2014,1736400,117422804896416,"Uzbekistan 2014",7296590899677.54,222352.17817065
"361","Venezuela_(Bolivarian_Republic_of)",2000,1132141,59049204148548,"Venezuela_(Bolivarian_Republic_of) 2000",2652871559104.85,89600
"362","Venezuela_(Bolivarian_Republic_of)",2006,1417147,74325794207328,"Venezuela_(Bolivarian_Republic_of) 2006",1112051504510.37,37559.2306616421
"363","Venezuela_(Bolivarian_Republic_of)",2010,1335903,67670141661288,"Venezuela_(Bolivarian_Republic_of) 2010",883156335606.679,29828.3599139113
"364","Venezuela_(Bolivarian_Republic_of)",2014,1117303,64443672080352,"Venezuela_(Bolivarian_Republic_of) 2014",953927405642.135,32218.6331457282
"365","Viet_Nam",2000,9335278,448365825045000,"Viet_Nam 2000",27819457352227.6,914200
"366","Viet_Nam",2006,9590012,546931371417840,"Viet_Nam 2006",29819503120417.4,979925.287813089
"367","Viet_Nam",2010,9842513,610823252691396,"Viet_Nam 2010",30076110012919.5,988357.875773207
"368","Viet_Nam",2014,10194770,687249665946756,"Viet_Nam 2014",32422681622882,1065470.65833638
"369","Zambia",2000,1084169,25143929641656,"Zambia 2000",319765768284.96,10800
"370","Zambia",2006,1264354,34144176496860,"Zambia 2006",747645828570.306,25251.5301805652
"371","Zambia",2010,1823886,60303420085392,"Zambia 2010",932289901070.412,31487.8324392362
"372","Zambia",2014,1939445,69359437503072,"Zambia 2014",1077572285617.57,36394.7046210984
"373","Zimbabwe",2000,2030930,39287978786736,"Zimbabwe 2000",3706914276784.91,125200
"374","Zimbabwe",2006,3021830,44934452303940,"Zimbabwe 2006",1866369535491.83,63036.1126252545
"375","Zimbabwe",2010,2373241,28356735265848,"Zimbabwe 2010",1133838219253.88,38295.0709002389
"376","Zimbabwe",2014,1792246,26399239045056,"Zimbabwe 2014",946704871721.674,31974.6940688241
