"","Country","Year","Area_harvested_ha","N_total_kj","N_total_t","production_kj","code_Area_Year","suitability","market","net_capital_stocks","net_capital_stocks14","Manure_kg"
"1","Albania",2000,181200,215151041623.831,6000,8378368765200,"Albania 2000",43.39644344,3704.790476,1367.49,1900.8111,40791557.82
"2","Albania",2006,138518,116929075691.452,3260.8461890477,7494799053600,"Albania 2006",43.39644344,3704.790476,2460.23,2903.0714,38390400.6
"3","Albania",2010,142300,101619999153.874,2833.91607273403,10275671613600,"Albania 2010",43.39644344,3704.790476,2850.22,3078.2376,34663560.53
"4","Albania",2014,139569,111361412533.075,3105.57862121194,10425809424240,"Albania 2014",43.39644344,3704.790476,3693.01,3693.01,35800592.95
"5","Algeria",2000,1136373,236863532062.933,8000,16998622280424,"Algeria 2000",41.87419646,2764.443498,1098.37,1526.7343,18478652.26
"6","Algeria",2006,2713904,1539057807474.44,51981.2499313916,61613654610744,"Algeria 2006",41.87419646,2764.443498,2183.66,2576.7188,20249737.1
"7","Algeria",2010,2912741,1316968351798.68,44480.2402574581,67193760104784,"Algeria 2010",41.87419646,2764.443498,3697.93,3993.7644,21597724.56
"8","Algeria",2014,2615168,1430701149454.78,48321.5339058494,60841008931644,"Algeria 2014",41.87419646,2764.443498,4504.74,4504.74,24475881.82
"9","Argentina",2000,23303926,11025997417529.5,372400,935852337327816,"Argentina 2000",55.98132736,1798.839226,18722.26,26023.9414,159309678.9
"10","Argentina",2006,26371232,19090437370820.8,644774.219300204,1121441263015464,"Argentina 2006",55.98132736,1798.839226,17156.59,20244.7762,163600801
"11","Argentina",2010,28186718,20078225798772,678136.499068581,1381272000433524,"Argentina 2010",55.98132736,1798.839226,26247.11,28346.8788,167155513.6
"12","Argentina",2014,33267729,18430989167763.1,622501.539421984,1635633600267708,"Argentina 2014",55.98132736,1798.839226,38692.96,38692.96,187236520.4
"13","Australia",2000,18666586,24006243788768.7,810804.215564611,545692276151064,"Australia 2000",34.39855154,5323.713368,43398.56,60323.9984,151134179.7
"14","Australia",2006,19376273,17709370665524.4,598129.074958458,610941287040732,"Australia 2006",34.39855154,5323.713368,81587.48,96273.2264,157449809.2
"15","Australia",2010,21161956,19326734986255.7,652755.10562329,528655879556208,"Australia 2010",34.39855154,5323.713368,113066.94,122112.2952,143318240.5
"16","Australia",2014,20375094,28032894132801,946803.212420315,639061284641004,"Australia 2014",34.39855154,5323.713368,121830.24,121830.24,157259345.4
"17","Austria",2000,873387,2936120866196.78,102000,66065189952204,"Austria 2000",0,0,26027.47,36178.1833,109590070.7
"18","Austria",2006,827746,2415224737572.04,83904.2173190418,66314339135172,"Austria 2006",0,0,42497.45,50146.991,101811253.7
"19","Austria",2010,858896,2680950919139.13,93135.4689449163,71176665749940,"Austria 2010",0,0,52727.92,56946.1536,102087194
"20","Austria",2014,859788,2610708592195.39,90695.2705761272,83923000700580,"Austria 2014",0,0,55896.75,55896.75,98765594.52
"21","Azerbaijan",2000,697039,111572592915.478,3400,22306153361760,"Azerbaijan 2000",25.67930172,3135.51489,2944.02,4092.1878,11178611.71
"22","Azerbaijan",2006,851140,557553202599.931,16990.5604889531,31221167477832,"Azerbaijan 2006",25.67930172,3135.51489,3880.82,4579.3676,12886478.66
"23","Azerbaijan",2010,1027599,553191339588.694,16857.6395461779,29877876240552,"Azerbaijan 2010",25.67930172,3135.51489,6353.7,6861.996,13648272.81
"24","Azerbaijan",2014,1052506,619862666874.987,18889.3438101912,34780926770352,"Azerbaijan 2014",25.67930172,3135.51489,7785.32,7785.32,14479974.37
"25","Bangladesh",2000,12443599,24721644227685.1,812400,489961023624000,"Bangladesh 2000",65.05402331,453.6634146,7564.06,10514.0434,174123631.9
"26","Bangladesh",2006,11990438,35472722578918.8,1165700.7744995,523547013014100,"Bangladesh 2006",65.05402331,453.6634146,9484.98,11192.2764,204057769.5
"27","Bangladesh",2010,12962824,32685775192742.1,1074116.41078657,647261479610460,"Bangladesh 2010",65.05402331,453.6634146,13094.9,14142.492,223211636
"28","Bangladesh",2014,13028164,35123809757802,1154234.83909227,702830676810024,"Bangladesh 2014",65.05402331,453.6634146,18589.79,18589.79,243514579.1
"29","Belarus",2000,2717479,782353808752.238,23841.0068301694,77704963166880,"Belarus 2000",45.19041603,4593.538774,16379.36,22767.3104,193982319.3
"30","Belarus",2006,2152413,954850265645.306,29097.5661527687,83307176220960,"Belarus 2006",45.19041603,4593.538774,20439.1,24118.138,180549551.4
"31","Belarus",2010,2425501,7916531518718.45,241243.897450992,99645739809876,"Belarus 2010",45.19041603,4593.538774,26802.53,28946.7324,189376012.3
"32","Belarus",2014,2440003,10977797075261.3,334531.170071165,121968681946560,"Belarus 2014",45.19041603,4593.538774,26658.14,26658.14,196606060.9
"33","Belgium",2000,369100,1943470934870.75,67515.625,42712406384400,"Belgium 2000",0,0,5692.37,7912.3943,172850124
"34","Belgium",2006,384314,1206277306217.3,41905.7289673302,44943285614580,"Belgium 2006",0,0,7910.02,9333.8236,149941439.6
"35","Belgium",2010,406410,1351316177007.92,46944.337898919,52837092485964,"Belgium 2010",0,0,9898.22,10690.0776,148418134.3
"36","Belgium",2014,415921,1395798396602.48,48489.6374984284,56851680023532,"Belgium 2014",0,0,11882.36,11882.36,145059999.2
"37","Bolivia_(Plurinational_State_of)",2000,1733699,233902737912.147,7900,43600667907816,"Bolivia_(Plurinational_State_of) 2000",37.65271672,389.7105322,1043,1449.77,50311040.99
"38","Bolivia_(Plurinational_State_of)",2006,2193897,1072617154764.88,36227.3464529743,61454306468124,"Bolivia_(Plurinational_State_of) 2006",37.65271672,389.7105322,1260.2,1487.036,70439186.31
"39","Bolivia_(Plurinational_State_of)",2010,2502694,1113718223931.23,37615.5236471039,68564646917676,"Bolivia_(Plurinational_State_of) 2010",37.65271672,389.7105322,1848.17,1996.0236,90519387.23
"40","Bolivia_(Plurinational_State_of)",2014,2981079,1323923605192.49,44715.1520088193,89062082164116,"Bolivia_(Plurinational_State_of) 2014",37.65271672,389.7105322,2927.45,2927.45,93535550.7
"41","Brazil",2000,37965347,36000296079415.1,1215900,1646741121717564,"Brazil 2000",37.46278576,874.8070531,42475.84,59041.4176,1340595338
"42","Brazil",2006,48697792,50664111473306.9,1711166.29164664,2314611349602552,"Brazil 2006",37.46278576,874.8070531,65977.32,77853.2376,1556941338
"43","Brazil",2010,52984598,55023545858339.6,1858404.97704713,3078698246789760,"Brazil 2010",37.46278576,874.8070531,110355.87,119184.3396,1740219631
"44","Brazil",2014,64364238,76326579204979.5,2577909.01082063,3738993155125416,"Brazil 2014",37.46278576,874.8070531,105074.49,105074.49,1753472066
"45","Bulgaria",2000,2322218,3611463912971.45,100714.285714286,68120917000200,"Bulgaria 2000",0,0,1234.41,1715.8299,58859851.67
"46","Bulgaria",2006,2314164,8236971322915.74,229707.59316101,95049731314440,"Bulgaria 2006",0,0,1684.92,1988.2056,48259429.18
"47","Bulgaria",2010,2691788,9779928230629.67,272736.626980282,132292806433596,"Bulgaria 2010",0,0,2103.66,2271.9528,40579592.98
"48","Bulgaria",2014,2971679,11185097718814.8,311923.129938754,171979716252204,"Bulgaria 2014",0,0,2419.21,2419.21,38435793.59
"49","Cambodia",2000,2040270,310389920140.802,10200,52000779646512,"Cambodia 2000",55.34789973,353.1302605,626.04,870.1956,58217232.68
"50","Cambodia",2006,2817953,2810761635483.79,92366.9449991456,92038539285792,"Cambodia 2006",55.34789973,353.1302605,807.19,952.4842,66388657.24
"51","Cambodia",2010,3347121,2639830550717.23,86749.8261705832,131663815137864,"Cambodia 2010",55.34789973,353.1302605,1251.79,1351.9332,66374489.69
"52","Cambodia",2014,3468110,3164753952068.3,103999.802237306,161333429186340,"Cambodia 2014",55.34789973,353.1302605,2142.78,2142.78,58859739.87
"53","Canada",2000,22956938,42734869108225.3,1371000,863993563397244,"Canada 2000",52.90569057,6632.006585,23235.32,32297.0948,245259761.3
"54","Canada",2006,21059147,39325128592948.9,1261610.30619738,877150502136288,"Canada 2006",52.90569057,6632.006585,31175.2,36786.736,259415413.7
"55","Canada",2010,20770970,52983628770949.5,1699795.89409788,950226785365140,"Canada 2010",52.90569057,6632.006585,38187.17,41242.1436,237131861.2
"56","Canada",2014,23894573,66550786038999.3,2135051.06166118,1122770999069064,"Canada 2014",52.90569057,6632.006585,42186.77,42186.77,238165634.1
"57","Chile",2000,606105,1231690366727.25,41600,37462773806640,"Chile 2000",50.55634595,1766.421086,5296.21,7361.7319,103245198.4
"58","Chile",2006,588367,2749357907614.62,92858.7996191539,49448182643136,"Chile 2006",50.55634595,1766.421086,8494.14,10023.0852,123279593.4
"59","Chile",2010,505729,2947447337717.4,99549.2150960336,48534760168308,"Chile 2010",50.55634595,1766.421086,12625.66,13635.7128,117502333.9
"60","Chile",2014,511192,2141727429351.12,72336.249002048,45663140309292,"Chile 2014",50.55634595,1766.421086,15598.09,15598.09,164692225.3
"61","China,_mainland",2000,112593430,528472345360189,13167300,6314546934889128,"China,_mainland 2000",54.92953288,1661.629198,60914.71,84671.4469,4588686976
"62","China,_mainland",2006,109650890,714709717237477,17807549.141227,6998938579577664,"China,_mainland 2006",54.92953288,1661.629198,108647.2,128203.696,4816914325
"63","China,_mainland",2010,117366980,726666594535987,18105464.0498025,7820094465315504,"China,_mainland 2010",54.92953288,1661.629198,248354.3,268222.644,5093851554
"64","China,_mainland",2014,121155332,563504497141970,14040153.3407777,8753731096627548,"China,_mainland 2014",54.92953288,1661.629198,441490.93,441490.93,4921752354
"65","Colombia",2000,1969051,3369383743595.23,113800,120785280540084,"Colombia 2000",37.82340166,1615.282682,7216.66,10031.1574,276717387.7
"66","Colombia",2006,2005055,1983323782746.18,66986.2098389792,134940775349664,"Colombia 2006",37.82340166,1615.282682,10555.52,12455.5136,271419848
"67","Colombia",2010,1925663,1750265280466.87,59114.7236629683,132885993304296,"Colombia 2010",37.82340166,1615.282682,16067.48,17352.8784,310390040.3
"68","Colombia",2014,2001976,2147179066383.14,72520.3765284611,158260306053960,"Colombia 2014",37.82340166,1615.282682,18073.19,18073.19,343638509.1
"69","Costa_Rica",2000,174902,556629300347.893,18800,13255635682692,"Costa_Rica 2000",59.11021155,3133.77,1395.03,1939.0917,26315903.77
"70","Costa_Rica",2006,176188,198191746096.538,6693.87117114776,15523978859820,"Costa_Rica 2006",59.11021155,3133.77,2539.4,2996.492,31332940.17
"71","Costa_Rica",2010,214815,243610275476.156,8227.8693846862,16233569530596,"Costa_Rica 2010",59.11021155,3133.77,4268.61,4610.0988,36068258.45
"72","Costa_Rica",2014,208401,282442538506.683,9539.41828180251,16281268905636,"Costa_Rica 2014",59.11021155,3133.77,5807.31,5807.31,39596015.38
"73","Croatia",2000,703487,2456307725205.41,68500,37068175317276,"Croatia 2000",56.04028958,8713.458704,NA,NA,34377663.12
"74","Croatia",2006,677706,496989041456.605,13859.7248994649,49522638349728,"Croatia 2006",56.04028958,8713.458704,NA,NA,37729424.04
"75","Croatia",2010,659676,414267496946.379,11552.8373133517,49175101376424,"Croatia 2010",56.04028958,8713.458704,NA,NA,32446051.74
"76","Croatia",2014,600476,2554112709735,71227.5252899011,49495732256340,"Croatia 2014",56.04028958,8713.458704,NA,NA,32155130.24
"77","Cyprus",2000,57930,164744851564.989,4594.30315526042,1009755676800,"Cyprus 2000",0,0,860.56,1196.1784,6125052.051
"78","Cyprus",2006,58763,163580623003.581,4561.83586476662,1291849532928,"Cyprus 2006",0,0,1429,1686.22,6588355.168
"79","Cyprus",2010,36318,112595819856.592,3140.00301388606,1138646817216,"Cyprus 2010",0,0,1443.22,1558.6776,6710370.964
"80","Cyprus",2014,30037,86391096417.099,2409.22179409602,426902163444,"Cyprus 2014",0,0,1173.91,1173.91,5078995.34
"81","Czechia",2000,1983809,5498030249446.91,191000,108811149896088,"Czechia 2000",0,0,5296.56,7362.2184,98395536.18
"82","Czechia",2006,1802253,4800128157767.18,166755.080735644,107172455551632,"Czechia 2006",0,0,10336.18,12196.6924,81333276.25
"83","Czechia",2010,1789621,5044651034045.51,175249.735593874,116532841355064,"Czechia 2010",0,0,13549.93,14633.9244,71972221.09
"84","Czechia",2014,1750408,4974448583059.32,172810.922504457,152122648381380,"Czechia 2014",0,0,14742.62,14742.62,69236359.42
"85","Denmark",2000,1557082,5236331396751.75,181908.656628471,135151558958304,"Denmark 2000",0,0,22849.77,31761.1803,171667774
"86","Denmark",2006,1556900,4031892098914.77,140066.779547128,127148351421600,"Denmark 2006",0,0,35590.19,41996.4242,169583722.9
"87","Denmark",2010,1605400,4384767806278.45,152325.580799312,132081419214000,"Denmark 2010",0,0,39172.13,42305.9004,170364012.6
"88","Denmark",2014,1589400,4063485053770.69,141164.309772264,151039245427200,"Denmark 2014",0,0,38319.16,38319.16,163449783.1
"89","Dominican_Republic",2000,296002,808296803164.76,27300,14428031331744,"Dominican_Republic 2000",55.50645739,3466.064348,1802.63,2505.6557,29143954.12
"90","Dominican_Republic",2006,284509,375007926317.825,12665.7885425161,16177250874132,"Dominican_Republic 2006",55.50645739,3466.064348,3155.97,3724.0446,62608983.45
"91","Dominican_Republic",2010,312167,358461548063.686,12106.9392131987,17957404295244,"Dominican_Republic 2010",55.50645739,3466.064348,4060.46,4385.2968,60493827.77
"92","Dominican_Republic",2014,328365,474460802012.768,16024.781793314,17002474638840,"Dominican_Republic 2014",55.50645739,3466.064348,4566.33,4566.33,60261360.18
"93","Ecuador",2000,1138322,1717260607456.27,58000,42996423949524,"Ecuador 2000",41.67266981,711.0737179,4010.11,5574.0529,79145694.65
"94","Ecuador",2006,1145336,953359837309.349,32199.4636829462,52795509648912,"Ecuador 2006",41.67266981,711.0737179,5370.18,6336.8124,85587576.79
"95","Ecuador",2010,1297837,1012443035639.21,34194.9822945378,69088922577288,"Ecuador 2010",41.67266981,711.0737179,6789.67,7332.8436,100100192.3
"96","Ecuador",2014,1335436,1162991630655.35,39279.7192721538,79708729682268,"Ecuador 2014",41.67266981,711.0737179,8467.02,8467.02,98134718.82
"97","Egypt",2000,3046645,14513812927156.2,490200,302545879918128,"Egypt 2000",33.72700312,3125.35044,17489.52,24310.4328,24975362.67
"98","Egypt",2006,3310729,25811672952768.1,871782.084070588,337177755352440,"Egypt 2006",33.72700312,3125.35044,19783.25,23344.235,26890332.23
"99","Egypt",2010,3365276,23136570007729.5,781431.225186063,303665529549024,"Egypt 2010",33.72700312,3125.35044,30627.4,33077.592,28152434.58
"100","Egypt",2014,3679729,22146507362015.6,747992.134344475,365290599051288,"Egypt 2014",33.72700312,3125.35044,32812.94,32812.94,32126833.59
"101","El_Salvador",2000,433154,977062069759.6,33000,17992884075804,"El_Salvador 2000",50.91787733,4761.958848,2662.74,3701.2086,16697224.09
"102","El_Salvador",2006,401449,344251521998.336,11626.999530071,20108993404608,"El_Salvador 2006",50.91787733,4761.958848,3119.47,3680.9746,19893555.05
"103","El_Salvador",2010,425211,326826879129.687,11038.487057361,20916164483208,"El_Salvador 2010",50.91787733,4761.958848,3925.48,4239.5184,18106343.53
"104","El_Salvador",2014,491035,444806216927.772,15023.206419453,23582013966036,"El_Salvador 2014",50.91787733,4761.958848,4446.27,4446.27,15901897.59
"105","Estonia",2000,322699,462574739491.237,12900,9816443962848,"Estonia 2000",0,0,263.26,365.9314,14375466.47
"106","Estonia",2006,314183,942789114906.695,26291.9233239427,9694539084384,"Estonia 2006",0,0,1227.2,1448.096,13451475.32
"107","Estonia",2010,344336,1083514514404.83,30216.3867642129,11625285044484,"Estonia 2010",0,0,1805.47,1949.9076,12742501.7
"108","Estonia",2014,382000,1213284987529.23,33835.3459515347,19409846957640,"Estonia 2014",0,0,2738.64,2738.64,13547166.15
"109","Ethiopia",2000,5089730,1426423626868.62,48177.0617687025,94602934189152,"Ethiopia 2000",48.10677865,47.8697192,7102.8,9872.892,51085422.53
"110","Ethiopia",2006,6002602,2864387125077.55,96743.8794864039,155019654692856,"Ethiopia 2006",48.10677865,47.8697192,8212.66,9690.9388,65384409.33
"111","Ethiopia",2010,7050353,2835062303043.44,95753.4417679857,211719975406848,"Ethiopia 2010",48.10677865,47.8697192,7743.44,8362.9152,104722874
"112","Ethiopia",2014,7335582,3380650656124.54,114180.53684098,279519328163808,"Ethiopia 2014",48.10677865,47.8697192,11411.87,11411.87,113991089.8
"113","Finland",2000,837800,1954817063784.58,67909.7862767154,40230735112800,"Finland 2000",0,0,12786.98,17773.9022,53085523.92
"114","Finland",2006,913600,2122479383769.47,73734.3273694702,42338864275200,"Finland 2006",0,0,21076.58,24870.3644,48937120.33
"115","Finland",2010,836700,2035407478961.92,70709.4742741432,35214597021600,"Finland 2010",0,0,24822.36,26808.1488,46656421.03
"116","Finland",2014,853000,1983428588800.51,68903.7424810473,44968032324000,"Finland 2014",0,0,26662.04,26662.04,46345107.4
"117","France",2000,10837919,24206131575628.7,840914.094899749,1022226695318880,"France 2000",0,0,83649.28,116272.4992,993176455.1
"118","France",2006,10805578,31625887383515.2,1098674.29173549,964029777614748,"France 2006",0,0,131552.66,155232.1388,903155225.6
"119","France",2010,11092608,34250474152057.3,1189851.68619271,1033094432787480,"France 2010",0,0,150649.31,162701.2548,907995792
"120","France",2014,11429672,35308833501790.2,1226618.78761405,1151536899329496,"France 2014",0,0,156273.31,156273.31,863720038.6
"121","Germany",2000,7648740,36032160219204.1,1251746.95111223,687660313864032,"Germany 2000",0,0,112789.67,156777.6413,792979447.9
"122","Germany",2006,7816200,20701986197032.9,719181.085631725,702598559864400,"Germany 2006",0,0,161270.12,190298.7416,735469951.6
"123","Germany",2010,7774261,21800014689459.5,757326.281736197,724567470003072,"Germany 2010",0,0,188631.15,203721.642,741242085
"124","Germany",2014,7572600,21031786784959.8,730638.263827566,840005358404400,"Germany 2014",0,0,207347.26,207347.26,761254831.3
"125","Greece",2000,1310723,3602924912037.17,125164.582037054,73248291040500,"Greece 2000",0,0,12052.15,16752.4885,66713471
"126","Greece",2006,1217524,4009917465191.29,139303.387050041,69577958820528,"Greece 2006",0,0,20450.67,24131.7906,65196165.75
"127","Greece",2010,1234767,4162891946399.82,144617.676820231,71804962664892,"Greece 2010",0,0,24317.42,26262.8136,63808291.41
"128","Greece",2014,1051312,3430665403094.42,119180.335913385,64103085781200,"Greece 2014",0,0,21074.71,21074.71,60435312.9
"129","Guatemala",2000,886297,2377517703081.69,80300,41515844567616,"Guatemala 2000",47.5886423,1496.343564,3137.3,4360.847,40647316.76
"130","Guatemala",2006,888662,905050755238.823,30567.8378552037,53214432273972,"Guatemala 2006",47.5886423,1496.343564,5084.23,5999.3914,68087332.35
"131","Guatemala",2010,1193001,1120595502635.77,37847.8018249945,62858904724728,"Guatemala 2010",47.5886423,1496.343564,6561.95,7086.906,69981142.53
"132","Guatemala",2014,1331128,1395735859001.87,47140.5909333828,84225767635332,"Guatemala 2014",47.5886423,1496.343564,8099.12,8099.12,74854288.12
"133","Guinea",2000,1752110,307922591681.813,10400,35396321977368,"Guinea 2000",47.21394846,98.28548958,817.52,1136.3528,5856038.009
"134","Guinea",2006,2198795,1391413309106.08,46994.5980113608,46151840059416,"Guinea 2006",47.21394846,98.28548958,514.87,607.5466,8057847.743
"135","Guinea",2010,2902860,1868492199486.93,63107.80501206,50004761641884,"Guinea 2010",47.21394846,98.28548958,962.6,1039.608,9791771.267
"136","Guinea",2014,3092487,2286973341470.63,77241.8893377978,55547813411640,"Guinea 2014",47.21394846,98.28548958,1407.51,1407.51,11409609.39
"137","Honduras",2000,529876,1252415925782.76,42300,18777053503224,"Honduras 2000",49.62899047,1144.808546,1052.82,1463.4198,22375557.52
"138","Honduras",2006,554272,461858331025.16,15599.1368363939,26871260635512,"Honduras 2006",49.62899047,1144.808546,1388.69,1638.6542,34264327.78
"139","Honduras",2010,568014,466913472530.293,15769.8728365238,31140744408936,"Honduras 2010",49.62899047,1144.808546,2025.21,2187.2268,36451676.2
"140","Honduras",2014,606183,527284773041.979,17808.8967415003,32294944183320,"Honduras 2014",49.62899047,1144.808546,2523.02,2523.02,34792394.12
"141","Hungary",2000,3105930,4484780695622.14,155800,153442314887904,"Hungary 2000",0,0,13969.85,19418.0915,95607286.12
"142","Hungary",2006,3403233,10920151495699.2,379362.942917307,227550937937040,"Hungary 2006",0,0,24359.52,28744.2336,88009807.82
"143","Hungary",2010,3264596,10978108450786.4,381376.350977906,197648004410244,"Hungary 2010",0,0,27872.87,30102.6996,79163356.24
"144","Hungary",2014,3539060,11753721582784.8,408320.929579777,271273311012960,"Hungary 2014",0,0,26594.82,26594.82,77582022.83
"145","India",2000,128262300,204133811446759,5732200,3801332220733152,"India 2000",63.79775131,1255.704127,137945.33,191744.0087,1937627023
"146","India",2006,128637300,334667231155403,9397656.80576312,3963186644635152,"India 2006",63.79775131,1255.704127,254826.09,300694.7862,2111780695
"147","India",2010,128241790,458181358123007,12866007.65654,4419197425217520,"India 2010",63.79775131,1255.704127,444039.62,479562.7896,2186472617
"148","India",2014,130199260,454158173021549,12753034.2031217,4862949395825160,"India 2014",63.79775131,1255.704127,565337.78,565337.78,2196187145
"149","Indonesia",2000,20625584,52288529389994.2,1718300,1172436372925164,"Indonesia 2000",59.30161483,288.4772941,34850.38,48442.0282,403682214
"150","Indonesia",2006,22297170,55907999658536.8,1837242.64067076,1592506420544520,"Indonesia 2006",59.30161483,288.4772941,79387.88,93677.6984,478259380.5
"151","Indonesia",2010,26235990,76982975528471.3,2529806.21933278,2007687436589592,"Indonesia 2010",59.30161483,288.4772941,176702.44,190838.6352,557434795
"152","Indonesia",2014,28547810,77125853546820.8,2534501.46132551,2380489951714524,"Indonesia 2014",59.30161483,288.4772941,204048.82,204048.82,681624344.1
"153","Iran_(Islamic_Republic_of)",2000,7370042,16718804289753.8,564672.970774131,192687516762228,"Iran_(Islamic_Republic_of) 2000",25.27723093,2922.739502,15419.02,21432.4378,232050616.4
"154","Iran_(Islamic_Republic_of)",2006,9920284,22428380260361.2,757512.31318807,338360501022300,"Iran_(Islamic_Republic_of) 2006",25.27723093,2922.739502,22718.03,26807.2754,303918814.3
"155","Iran_(Islamic_Republic_of)",2010,9425133,17889281584692.6,604205.516278109,295062426045828,"Iran_(Islamic_Republic_of) 2010",25.27723093,2922.739502,35701.12,38557.2096,336056743.9
"156","Iran_(Islamic_Republic_of)",2014,8979523,15937050895098.7,538269.467023377,269007311941416,"Iran_(Islamic_Republic_of) 2014",25.27723093,2922.739502,41034.16,41034.16,296203501.9
"157","Ireland",2000,276719,1008233276017.06,35025.7359421823,29980099139688,"Ireland 2000",0,0,7779.61,10813.6579,254308092.1
"158","Ireland",2006,271312,671459885443.126,23326.3245746126,28455965691552,"Ireland 2006",0,0,10261.1,12108.098,246555485.4
"159","Ireland",2010,273002,686301757756.756,23841.9269782532,28125328862052,"Ireland 2010",0,0,11369.35,12278.898,233425293.9
"160","Ireland",2014,306393,667001819510.513,23171.4526378468,35880189364800,"Ireland 2014",0,0,12476.48,12476.48,247892325.2
"161","Israel",2000,106136,435236740165.64,14700,4568036819580,"Israel 2000",68.87929533,21093.20833,2192.55,3047.6445,8680625.554
"162","Israel",2006,131700,80098365751.6447,2705.30005371576,5861968490016,"Israel 2006",68.87929533,21093.20833,3026.22,3570.9396,9997199.898
"163","Israel",2010,103300,51401293444.8554,1736.06440796292,5670739916928,"Israel 2010",68.87929533,21093.20833,3992.33,4311.7164,10988814.81
"164","Israel",2014,107662,60028308988.2798,2027.43946154888,7812058177872,"Israel 2014",68.87929533,21093.20833,4105.77,4105.77,9945307.309
"165","Italy",2000,4578414,14801765497463.5,514209.104306024,315936897160464,"Italy 2000",0,0,146855.39,204128.9921,435842312.4
"166","Italy",2006,4030443,13010728380859.3,451988.986600087,299165839601760,"Italy 2006",0,0,240735.65,284068.067,404560612.9
"167","Italy",2010,3666464,12378560676270.8,430027.661162024,273956605844688,"Italy 2010",0,0,275573.7,297619.596,420191287.2
"168","Italy",2014,3664876,12115287526155,420881.627147903,292024375904520,"Italy 2014",0,0,272087.44,272087.44,409023754.3
"169","Japan",2000,2287273,5495388862383.52,183313.809708738,166012563581280,"Japan 2000",44.71204462,16487.80529,259576.58,360811.4462,179985154.8
"170","Japan",2006,2245683,2456144287786.28,81931.447958202,152674890357744,"Japan 2006",44.71204462,16487.80529,198847.26,234639.7668,171636130.3
"171","Japan",2010,2171631,5943383016355.65,198257.886852035,146796070835088,"Japan 2010",44.71204462,16487.80529,227424.57,245618.5356,171653118.7
"172","Japan",2014,2113635,5216024296625.96,173994.836269535,150448281286752,"Japan 2014",44.71204462,16487.80529,172414.34,172414.34,167754611
"173","Jordan",2000,36731,47372706412.5867,1600,1087837780212,"Jordan 2000",30.643428,2463.525316,367.7,511.103,2801871.33
"174","Jordan",2006,69329,28673739851.7184,968.447598564052,1328803778844,"Jordan 2006",30.643428,2463.525316,280.16,330.5888,2967121.189
"175","Jordan",2010,50261,19126701296.7118,645.999023323859,1746453239892,"Jordan 2010",30.643428,2463.525316,229.47,247.8276,3335168.062
"176","Jordan",2014,68756,25718759706.1774,868.643964976224,1852970037372,"Jordan 2014",30.643428,2463.525316,198.58,198.58,3146704.316
"177","Kenya",2000,2140112,1015552393719.83,34300,47555819213904,"Kenya 2000",36.83373688,151.0185151,2078.45,2889.0455,40637877.92
"178","Kenya",2006,2666233,1769107397770.96,59751.1109409925,74505140390808,"Kenya 2006",36.83373688,151.0185151,3327.44,3926.3792,48753037.08
"179","Kenya",2010,2823364,1619551949420.4,54699.9172161324,80476336170756,"Kenya 2010",36.83373688,151.0185151,4985.46,5384.2968,56419498.97
"180","Kenya",2014,2954946,1819047162993.39,61437.812639223,79851737246904,"Kenya 2014",36.83373688,151.0185151,9009.44,9009.44,61564031.12
"181","Kuwait",2000,2062,5921588301.57333,200,167189097924,"Kuwait 2000",0.942446083,39538.25,321.34,446.6626,2905635.785
"182","Kuwait",2006,2914,931802041.108487,31.4713551045388,312884336952,"Kuwait 2006",0.942446083,39538.25,443.9,523.802,3650358.958
"183","Kuwait",2010,3207,994546455.814003,33.5905302822135,405399889080,"Kuwait 2010",0.942446083,39538.25,460.45,497.286,3637803.957
"184","Kuwait",2014,4279,1493820777.54849,50.4533818114843,927256080708,"Kuwait 2014",0.942446083,39538.25,538.91,538.91,4753751.556
"185","Lao_People's_Democratic_Republic",2000,808570,352992458199.344,11600,28648682211492,"Lao_People's_Democratic_Republic 2000",44.64062245,85.41593245,169.14,235.1046,35628343.59
"186","Lao_People's_Democratic_Republic",2006,908775,902212770242.281,29648.4185191861,39748020518880,"Lao_People's_Democratic_Republic 2006",44.64062245,85.41593245,379.7,448.046,42894038.23
"187","Lao_People's_Democratic_Republic",2010,1135639,921149986605.401,30270.7312760443,55681899868440,"Lao_People's_Democratic_Republic 2010",44.64062245,85.41593245,724.57,782.5356,49111859.21
"188","Lao_People's_Democratic_Republic",2014,1333081,1258688295656.66,41362.8786974588,79075669779900,"Lao_People's_Democratic_Republic 2014",44.64062245,85.41593245,1301.48,1301.48,55135332.3
"189","Latvia",2000,406000,73451024445.9384,2048.35702095349,13387117154400,"Latvia 2000",0,0,2147.62,2985.1918,20732628.93
"190","Latvia",2006,540400,1735811517468.46,48407.2446324478,18233601922800,"Latvia 2006",0,0,3479.05,4105.279,20872965.97
"191","Latvia",2010,570700,1979049015049.6,55190.5024520336,23986277683200,"Latvia 2010",0,0,4383.56,4734.2448,20009914.23
"192","Latvia",2014,663000,2395053266935.67,66791.7733195965,33124554667728,"Latvia 2014",0,0,5317.55,5317.55,20823332.33
"193","Lebanon",2000,66299,106588589428.32,3600,2626840355472,"Lebanon 2000",52.06455319,11203.60305,903.1,1255.309,3945149.498
"194","Lebanon",2006,92730,48855480160.2875,1650.080271447,3883498997040,"Lebanon 2006",52.06455319,11203.60305,1079.28,1273.5504,4277000.727
"195","Lebanon",2010,55832,24645621665.7481,832.399025754625,2451722253840,"Lebanon 2010",52.06455319,11203.60305,1407.11,1519.6788,5596993.339
"196","Lebanon",2014,72222,34958139900.5758,1180.70146454753,3912504142608,"Lebanon 2014",52.06455319,11203.60305,1944.44,1944.44,6724358.728
"197","Lithuania",2000,1027931,992429659557.908,27676.2683201804,40292111256192,"Lithuania 2000",0,0,2240.65,3114.5035,47362450.88
"198","Lithuania",2006,988900,3085364863569.3,86042.7588065431,27725244994800,"Lithuania 2006",0,0,4497.84,5307.4512,46504671.07
"199","Lithuania",2010,1094500,3697441704633.55,103111.981519424,43389428691600,"Lithuania 2010",0,0,4836.41,5223.3228,42054163.15
"200","Lithuania",2014,1274300,4539956758017.95,126607.523451983,73873724644800,"Lithuania 2014",0,0,6241.89,6241.89,38253891.24
"201","Luxembourg",2000,26510,68387080297.7795,2375.74763037906,1929498293700,"Luxembourg 2000",0,0,541.65,752.8935,7431682.782
"202","Luxembourg",2006,28940,75065660123.1004,2607.75958534504,2245485551868,"Luxembourg 2006",0,0,1470.69,1735.4142,6736661.102
"203","Luxembourg",2010,28871,79348746245.149,2756.55277348612,2263355567892,"Luxembourg 2010",0,0,2089.57,2256.7356,7220955.224
"204","Luxembourg",2014,26817,71935323643.7417,2499.01259043398,2206484211960,"Luxembourg 2014",0,0,2995.53,2995.53,7290109.454
"205","Madagascar",2000,1923968,68098265468.0933,2300,47324171064276,"Madagascar 2000",52.87974302,66.67929515,1077.2,1497.308,25942641.16
"206","Madagascar",2006,2089697,1786761306195.33,60347.3667941622,65582274266280,"Madagascar 2006",52.87974302,66.67929515,1423.99,1680.3082,35661787.9
"207","Madagascar",2010,2165492,1572493104414.4,53110.5177979561,80505821877228,"Madagascar 2010",52.87974302,66.67929515,2172.69,2346.5052,38927799.66
"208","Madagascar",2014,1755378,1448490765033.66,48922.3732304661,71084483341488,"Madagascar 2014",52.87974302,66.67929515,2277.82,2277.82,42077456.12
"209","Malawi",2000,2122881,1015552393719.83,34300,62217296925876,"Malawi 2000",58.38160134,123.7184154,597.67,830.7613,9150840.597
"210","Malawi",2006,2612039,1600907908323.05,54070.2199069698,68031026571672,"Malawi 2006",58.38160134,123.7184154,455.78,537.8204,11715636.18
"211","Malawi",2010,2722167,1347449204653.9,45509.7225957398,91420555380336,"Malawi 2010",58.38160134,123.7184154,956.04,1032.5232,29959377.74
"212","Malawi",2014,2735355,1443207865463.18,48743.9447649451,101097496674432,"Malawi 2014",58.38160134,123.7184154,723.43,723.43,43018188.79
"213","Malaysia",2000,4132623,10425449670611.7,342600,470508588034344,"Malaysia 2000",56.40091379,1720.746146,16475.81,22901.3759,50246598.66
"214","Malaysia",2006,4850453,13286805597007.8,436629.569117454,641742339241656,"Malaysia 2006",56.40091379,1720.746146,24888.18,29368.0524,64833090.56
"215","Malaysia",2010,5547748,13953706309132.7,458545.188221928,672059614322556,"Malaysia 2010",56.40091379,1720.746146,39646.13,42817.8204,74927941.4
"216","Malaysia",2014,5317036,16903326862975.6,555475.299984416,758829599206668,"Malaysia 2014",56.40091379,1720.746146,53036.36,53036.36,88618394.55
"217","Malta",2000,4706,13940750354.9261,484.297684258602,261720343044,"Malta 2000",0,0,98.74,137.2486,1839769.409
"218","Malta",2006,3920,11786490122.1047,409.459299273312,226386556200,"Malta 2006",0,0,161.08,190.0744,1883801.464
"219","Malta",2010,4081,12720015952.3429,441.889719894119,266305558932,"Malta 2010",0,0,223.78,241.6824,1611431.055
"220","Malta",2014,4398,14343850069.5632,498.301253173748,277225905636,"Malta 2014",0,0,273.25,273.25,1427649.373
"221","Mauritania",2000,211030,100667001126.747,3400,2429774797032,"Mauritania 2000",36.19412837,3.215294118,252.54,351.0306,7290363.184
"222","Mauritania",2006,254445,79262070993.2562,2677.05443055528,2245627986804,"Mauritania 2006",36.19412837,3.215294118,329.26,388.5268,8059860.357
"223","Mauritania",2010,293039,73563283441.1796,2484.57946398044,3673700458704,"Mauritania 2010",36.19412837,3.215294118,516.27,557.5716,7994101.337
"224","Mauritania",2014,223913,96442539767.0637,3257.3199910382,4613006191680,"Mauritania 2014",36.19412837,3.215294118,698.53,698.53,8320983.91
"225","Mexico",2000,11011943,24657493687751.4,832800,474621629806764,"Mexico 2000",49.60464179,2606.495219,7624,10597.36,404202823.9
"226","Mexico",2006,10865372,25388162116805,857478.123227834,543270441075948,"Mexico 2006",49.60464179,2606.495219,10495.22,12384.3596,435507121.9
"227","Mexico",2010,10967974,26423464884122.5,892445.186609879,586841271376752,"Mexico 2010",49.60464179,2606.495219,11276.17,12178.2636,448923684.9
"228","Mexico",2014,11356231,33823463542999.3,1142378.08575826,623712621206700,"Mexico 2014",49.60464179,2606.495219,14257.29,14257.29,465186320.6
"229","Morocco",2000,5557066,1825771416081.42,61664.9224194234,33636868681608,"Morocco 2000",49.72109747,2152.145128,6258.74,8699.6486,25881971.23
"230","Morocco",2006,5690142,3612117813131.1,121998.275772444,135558968134572,"Morocco 2006",49.72109747,2152.145128,10486.28,12373.8104,28399098.16
"231","Morocco",2010,5178386,3678585414899.87,124243.200558961,115777277694360,"Morocco 2010",49.72109747,2152.145128,14650.71,15822.7668,31397743.46
"232","Morocco",2014,4834873,4126870397769.55,139383.901331778,103227746836500,"Morocco 2014",49.72109747,2152.145128,18610.5,18610.5,35070400.05
"233","Myanmar",2000,8413652,4001595539070.15,131500,281952950713776,"Myanmar 2000",51.85157828,77.39926601,1755.79,2440.5481,211300571.9
"234","Myanmar",2006,10735477,9922783609699.67,326081.442248587,421017406704000,"Myanmar 2006",51.85157828,77.39926601,2234.79,2637.0522,255411844.3
"235","Myanmar",2010,11105932,8188864828858.74,269101.590723272,458121411818316,"Myanmar 2010",51.85157828,77.39926601,6375.11,6885.1188,320458579.6
"236","Myanmar",2014,9730360,8427951366776.91,276958.426685145,396216303215760,"Myanmar 2014",51.85157828,77.39926601,10791.42,10791.42,395451671.3
"237","Netherlands",2000,391100,2006760479977.63,69714.2857142857,46833494558400,"Netherlands 2000",0,0,30663.05,42621.6395,305759546.5
"238","Netherlands",2006,367020,1092451173954.81,37951.4416542834,40886861101200,"Netherlands 2006",0,0,50517.64,59610.8152,274055676.6
"239","Netherlands",2010,365661,1130036740847.71,39257.1535094092,44500600931724,"Netherlands 2010",0,0,62902.97,67935.2076,299331912.9
"240","Netherlands",2014,342727,1110383765306.89,38574.414754257,43776255768408,"Netherlands 2014",0,0,69823.34,69823.34,305390706.8
"241","New_Zealand",2000,145516,387864033753.053,13100,13176529488000,"New_Zealand 2000",41.63025949,4684.017893,5351.3,7438.307,54287656.89
"242","New_Zealand",2006,125115,60184879601.6614,2032.727590524,12425785169040,"New_Zealand 2006",41.63025949,4684.017893,10465.9,12349.762,61765991.13
"243","New_Zealand",2010,143585,60769882428.2788,2052.48589849222,14992847482680,"New_Zealand 2010",41.63025949,4684.017893,13951.96,15068.1168,65806013.78
"244","New_Zealand",2014,150480,672199115759.571,22703.3384128029,16487264071116,"New_Zealand 2014",41.63025949,4684.017893,18477.63,18477.63,70358623.46
"245","Nicaragua",2000,549603,453001505070.36,15300,17611234019064,"Nicaragua 2000",66.46626683,599.3262999,354.02,492.0878,37797567.65
"246","Nicaragua",2006,563905,483460747391.538,16328.7524484972,21494335270104,"Nicaragua 2006",66.46626683,599.3262999,454.4,536.192,43494328.52
"247","Nicaragua",2010,568607,432604815254.364,14611.1074672119,23378328281304,"Nicaragua 2010",66.46626683,599.3262999,555.13,599.5404,48090328.51
"248","Nicaragua",2014,584515,492920469559.106,16648.2519370062,24531819397920,"Nicaragua 2014",66.46626683,599.3262999,637.79,637.79,47094881.81
"249","Nigeria",2000,27338414,2051830346495.16,69300,571589907332256,"Nigeria 2000",53.14536398,438.0735897,6044.01,8401.1739,118419834.2
"250","Nigeria",2006,29186000,10831637433537.7,365835.545529561,758947934880000,"Nigeria 2006",53.14536398,438.0735897,13988.87,16506.8666,147701290.5
"251","Nigeria",2010,26225427,9838443943033.55,332290.711274863,673046282351304,"Nigeria 2010",53.14536398,438.0735897,38209.67,41266.4436,168440596.1
"252","Nigeria",2014,30229446,13124656844692.3,443281.63919147,729378128575080,"Nigeria 2014",53.14536398,438.0735897,64171.71,64171.71,168390756.5
"253","Norway",2000,255559,815939198709.037,28345.4946376666,13758224555664,"Norway 2000",26.0885471,28586.34279,15421.77,21436.2603,49173630.09
"254","Norway",2006,264895,96773029335.8051,3361.86738968892,14074393772160,"Norway 2006",26.0885471,28586.34279,23493.71,27722.5778,48227372.98
"255","Norway",2010,244248,71809738585.5439,2494.64980139363,13760156345184,"Norway 2010",26.0885471,28586.34279,28746.56,31046.2848,46996457.39
"256","Norway",2014,228246,84064638320.3857,2920.38151678211,14492309429952,"Norway 2014",26.0885471,28586.34279,29891.46,29891.46,47573728.68
"257","Pakistan",2000,14306751,39498638857133.5,1298000,484271566994484,"Pakistan 2000",37.06494661,586.9369811,32510.53,45189.6367,421731747.5
"258","Pakistan",2006,14602655,48965086030841.2,1609085.36362269,516398322481380,"Pakistan 2006",37.06494661,586.9369811,56224.88,66345.3584,523635922
"259","Pakistan",2010,14943191,65645921780580.9,2157249.18469704,553543440003900,"Pakistan 2010",37.06494661,586.9369811,64801.9,69986.052,589769723.7
"260","Pakistan",2014,15744929,69250596031571.5,2275705.60023858,662375190463236,"Pakistan 2014",37.06494661,586.9369811,92135.83,92135.83,690238558.5
"261","Paraguay",2000,2071498,461883887522.72,15600,74299069821060,"Paraguay 2000",46.56417709,283.4587156,1413.94,1965.3766,38228698.39
"262","Paraguay",2006,3762812,1434104915513.99,48436.4951590085,118244582087364,"Paraguay 2006",46.56417709,283.4587156,1887.41,2227.1438,33448859.02
"263","Paraguay",2010,4659741,1685618071063.38,56931.2821229237,202132297819188,"Paraguay 2010",46.56417709,283.4587156,2403.88,2596.1904,33038017.09
"264","Paraguay",2014,5486036,1958135120366.91,66135.46976397,237513667184640,"Paraguay 2014",46.56417709,283.4587156,3235.25,3235.25,36279595.47
"265","Philippines",2000,7191753,9734679946376.73,319900,249825954988296,"Philippines 2000",57.47327435,500.0712329,15273.78,21230.5542,140905503.6
"266","Philippines",2006,7392865,9938061906506.12,326583.515986533,312499305844920,"Philippines 2006",57.47327435,500.0712329,22992.4,27131.032,158002079.7
"267","Philippines",2010,7506648,10578993101523.2,347645.727627324,317191146005556,"Philippines 2010",57.47327435,500.0712329,35283.08,38105.7264,164170870
"268","Philippines",2014,8088630,15816351843515.9,519755.244405745,385569003865392,"Philippines 2014",57.47327435,500.0712329,44871.21,44871.21,154637075
"269","Poland",2000,7702960,16606074562666,463100,312655261088556,"Poland 2000",0,0,17373.84,24149.6376,388772790.8
"270","Poland",2006,6249292,20588318597036.1,574154.373829133,256001350340808,"Poland 2006",0,0,23211.19,27389.2042,419884786.2
"271","Poland",2010,5850971,20080141809871.4,559982.651954234,316778230308060,"Poland 2010",0,0,26645.77,28777.4316,414921129.5
"272","Poland",2014,5981272,21354038446304.4,595508.298313694,402225245593524,"Poland 2014",0,0,26150.87,26150.87,374853681
"273","Portugal",2000,578130,2261683880369.25,78570.2518086333,23488133349636,"Portugal 2000",0,0,8622.41,11985.1499,91489120.41
"274","Portugal",2006,345095,1114537351847.19,38718.709163928,16835064268536,"Portugal 2006",0,0,15188.85,17922.843,83933353.37
"275","Portugal",2010,257477,894712097480.594,31082.042634448,14325371079480,"Portugal 2010",0,0,18424.43,19898.3844,82080058.39
"276","Portugal",2014,264008,920184828244.1,31966.9580232491,19208229133428,"Portugal 2014",0,0,17908.73,17908.73,85892418.26
"277","Republic_of_Korea",2000,1282407,4022309302649.44,132180.693459417,91443745856196,"Republic_of_Korea 2000",42.44285959,19310.74902,37373.11,51948.6229,84678584.8
"278","Republic_of_Korea",2006,1149148,1058734959495.75,34792.0337811158,81189614407500,"Republic_of_Korea 2006",42.44285959,19310.74902,47700.83,56286.9794,97877447.66
"279","Republic_of_Korea",2010,1064842,811766765860.59,26676.1917011414,74446908911028,"Republic_of_Korea 2010",42.44285959,19310.74902,45982.44,49661.0352,117823168.7
"280","Republic_of_Korea",2014,973642,873557058812.333,28706.7376280899,72773077978008,"Republic_of_Korea 2014",42.44285959,19310.74902,57388.08,57388.08,115681039.8
"281","Republic_of_Moldova",2000,1228598,66135953159.8018,2015.3895761271,32014453285440,"Republic_of_Moldova 2000",68.53050604,1472.068783,727.35,1011.0165,30273426.12
"282","Republic_of_Moldova",2006,1247750,790314871427.067,24083.6077448485,39404693079900,"Republic_of_Moldova 2006",68.53050604,1472.068783,446.68,527.0824,27958979.43
"283","Republic_of_Moldova",2010,1240789,640502491527.64,19518.3101359284,42535029001752,"Republic_of_Moldova 2010",68.53050604,1472.068783,736.02,794.9016,23921038.96
"284","Republic_of_Moldova",2014,1325069,761542291141.354,23206.8084304727,52455526374564,"Republic_of_Moldova 2014",68.53050604,1472.068783,1018.92,1018.92,26232190.86
"285","Romania",2000,6460212,27275396333794.6,760639.487346273,168996027563964,"Romania 2000",0,0,7906.4,10989.896,231125613.8
"286","Romania",2006,6401894,26085156839547.9,727446.819945823,262081459944972,"Romania 2006",0,0,22548.48,26607.2064,238958290.3
"287","Romania",2010,6425564,27202474453491.8,758605.886771929,282932095104792,"Romania 2010",0,0,29392.38,31743.7704,224203155
"288","Romania",2014,6853749,28980441566167.9,808188.740731373,373046294108880,"Romania 2014",0,0,32206.39,32206.39,200134992.7
"289","Russian_Federation",2000,43288696,22117281485122.5,673989.508394626,937039005652464,"Russian_Federation 2000",44.56338886,3011.235629,24414.34,33935.9326,1343329432
"290","Russian_Federation",2006,45432192,22927605054608.3,698682.849870868,1176137254298808,"Russian_Federation 2006",44.56338886,3011.235629,60118.29,70939.5822,1109770435
"291","Russian_Federation",2010,38680392,35472606328850.2,1080972.11301217,938020117839480,"Russian_Federation 2010",44.56338886,3011.235629,97898.85,105730.758,1136847287
"292","Russian_Federation",2014,49638199,35655845191506.4,1086556.03032332,1612846663557264,"Russian_Federation 2014",44.56338886,3011.235629,170745.61,170745.61,1148809437
"293","Saudi_Arabia",2000,631906,1746868548964.13,59000,31554985521708,"Saudi_Arabia 2000",19.17768956,3143.373114,7385.25,10265.4975,13326613.09
"294","Saudi_Arabia",2006,623236,399043834740.113,13477.5946728377,44142547763520,"Saudi_Arabia 2006",19.17768956,3143.373114,10058.81,11869.3958,16522377.08
"295","Saudi_Arabia",2010,299981,161708101560.836,5461.64621130012,23157106184772,"Saudi_Arabia 2010",19.17768956,3143.373114,12707.59,13724.1972,17494601.21
"296","Saudi_Arabia",2014,253531,118759368392.768,4011.06467875229,13465559699424,"Saudi_Arabia 2014",19.17768956,3143.373114,15163.07,15163.07,21296954.42
"297","Slovakia",2000,975774,2149302934892.46,59938.439117119,36014435924832,"Slovakia 2000",0,0,3996.08,5554.5512,42945611.69
"298","Slovakia",2006,964268,3370103586566.95,93983.3772906168,50009172226344,"Slovakia 2006",0,0,7827.55,9236.509,35002141.3
"299","Slovakia",2010,932385,3485110508745.25,97190.6196439968,45142083168444,"Slovakia 2010",0,0,11664.67,12597.8436,29954671.04
"300","Slovakia",2014,997006,3784029336424.18,105526.684171211,79758300808116,"Slovakia 2014",0,0,12280.34,12280.34,27885196.67
"301","Slovenia",2000,107861,474070725284.254,13220.5929854558,7564201125120,"Slovenia 2000",0,0,2501.7,3477.363,23341810.76
"302","Slovenia",2006,98991,415984323466.166,11600.7151160385,7297655578812,"Slovenia 2006",0,0,3855.83,4549.8794,20998944.84
"303","Slovenia",2010,97844,433958022130.198,12101.9545763277,8552335831776,"Slovenia 2010",0,0,4523.84,4885.7472,20795254.29
"304","Slovenia",2014,101625,432040294224.837,12048.4741592898,9695072524572,"Slovenia 2014",0,0,4556.8,4556.8,19227820.36
"305","South_Africa",2000,6191778,8760989892177.75,295900,261024926156604,"South_Africa 2000",41.66683332,2236.962571,14105.34,19606.4226,53778067.22
"306","South_Africa",2006,4133864,9331007409508.78,315152.183309656,183766312964772,"South_Africa 2006",41.66683332,2236.962571,20634.36,24348.5448,53892156.12
"307","South_Africa",2010,4655584,8928609207324.1,301561.295808147,260014427867088,"South_Africa 2010",41.66683332,2236.962571,25040.92,27044.1936,58919435.26
"308","South_Africa",2014,4965597,10474864929412.5,353785.653306206,302311623057156,"South_Africa 2014",41.66683332,2236.962571,22634.63,22634.63,55837564.56
"309","Spain",2000,7293317,19351360350769.6,672260.729625635,350255110810932,"Spain 2000",0,0,46960.89,65275.6371,480790280.2
"310","Spain",2006,6396691,16311680763759.7,566663.129252793,267129104334192,"Spain 2006",0,0,72183.45,85176.471,505470517.7
"311","Spain",2010,6211473,16484092610319.6,572652.667541757,279578881835028,"Spain 2010",0,0,82795.69,89419.3452,488805097.1
"312","Spain",2014,6574438,16885215666586.2,586587.567909871,295092058625244,"Spain 2014",0,0,85719.71,85719.71,488848160.1
"313","Sri_Lanka",2000,929890,2592668744705.52,85200,36804492453600,"Sri_Lanka 2000",65.69102,1554.954967,1886.55,2622.3045,10449458.21
"314","Sri_Lanka",2006,1011033,1048059204221.72,34441.2082654363,42901784559360,"Sri_Lanka 2006",65.69102,1554.954967,2640.28,3115.5304,11528272.75
"315","Sri_Lanka",2010,1180770,995916684088.145,32727.7064058361,55871484871320,"Sri_Lanka 2010",65.69102,1554.954967,4989.31,5388.4548,12585339.85
"316","Sri_Lanka",2014,1024195,1016737190963.69,33411.9076519146,46628845072308,"Sri_Lanka 2014",65.69102,1554.954967,7749.87,7749.87,12377249.97
"317","Sweden",2000,928393,2732589808378.54,94929.3892031253,63357253416000,"Sweden 2000",0,0,20845.22,28974.8558,76685526.66
"318","Sweden",2006,808400,2101360616123.32,73000.6674153767,51231091564800,"Sweden 2006",0,0,32829.2,38738.456,70594358.54
"319","Sweden",2010,866100,2334932692480.75,81114.8946131547,56669799193200,"Sweden 2010",0,0,39810.9,42995.772,67865222.63
"320","Sweden",2014,927200,2477424206217.75,86065.0090885171,76340641633200,"Sweden 2014",0,0,45802.19,45802.19,65771171.76
"321","Switzerland",2000,200034,1002786305966.35,34836.5097588978,17999570604744,"Switzerland 2000",38.9919807,34185.41365,16164.63,22468.8357,76640813.96
"322","Switzerland",2006,187546,100781745699.594,3501.12905081943,15700298866128,"Switzerland 2006",38.9919807,34185.41365,22477.43,26523.3674,75988591.6
"323","Switzerland",2010,176763,81018351020.4885,2814.55436635148,14840388677592,"Switzerland 2010",38.9919807,34185.41365,26818.57,28964.0556,76034622.63
"324","Switzerland",2014,171401,88503120252.4992,3074.57311096604,16732233571644,"Switzerland 2014",38.9919807,34185.41365,27105.56,27105.56,74823549.96
"325","Syrian_Arab_Republic",2000,3097185,3298324683976.35,111400,51291796145472,"Syrian_Arab_Republic 2000",36.80208829,2505.335079,5891.7,8189.463,5542986.315
"326","Syrian_Arab_Republic",2006,3191197,1651302276115.61,55772.275680728,90386322289092,"Syrian_Arab_Republic 2006",36.80208829,2505.335079,8131.86,9595.5948,7102265.457
"327","Syrian_Arab_Republic",2010,3215373,1299516938482.75,43890.8236203275,56937695149980,"Syrian_Arab_Republic 2010",36.80208829,2505.335079,13751.79,14851.9332,6197998.409
"328","Syrian_Arab_Republic",2014,2576925,1218599857233.14,41157.871678089,39616356042144,"Syrian_Arab_Republic 2014",36.80208829,2505.335079,15098.02,15098.02,5174872.843
"329","Thailand",2000,13873315,21992038753505.7,722700,559451320356564,"Thailand 2000",45.89237119,1050.431159,11721.05,16292.2595,164990118.4
"330","Thailand",2006,13863878,16091225848955.2,528788.124256381,627788301818112,"Thailand 2006",45.89237119,1050.431159,17527.34,20682.2612,180317849.2
"331","Thailand",2010,16057141,27753794886975.1,912042.207165517,744343781284512,"Thailand 2010",45.89237119,1050.431159,27365.5,29554.74,187136985.2
"332","Thailand",2014,15288335,37128494732742.3,1220112.58001605,816272938839996,"Thailand 2014",45.89237119,1050.431159,36236.86,36236.86,168199629.2
"333","Togo",2000,887530,139157325086.973,4700,15539740277760,"Togo 2000",59.11386458,138.7488444,223.84,311.1376,7444989.706
"334","Togo",2006,985714,479595414377.216,16198.201899642,18468614375568,"Togo 2006",59.11386458,138.7488444,348.44,411.1592,9921473.325
"335","Togo",2010,1118553,473099243107.388,15978.7955194956,21878459139492,"Togo 2010",59.11386458,138.7488444,510.63,551.4804,11065236.39
"336","Togo",2014,1496626,675574495811.88,22817.3409364641,26652792071736,"Togo 2014",59.11386458,138.7488444,597.36,597.36,10354514.14
"337","Turkey",2000,14227315,23646111735479.5,821459.165658633,474156099724104,"Turkey 2000",30.72251226,3180.367236,49273.12,68489.6368,61887761.21
"338","Turkey",2006,13668617,26332515589166.2,914784.067991751,510281613378864,"Turkey 2006",30.72251226,3180.367236,86546.5,102124.87,67811501.91
"339","Turkey",2010,12763431,26021976551455.2,903996.030547112,490083059674908,"Turkey 2010",30.72251226,3180.367236,125703.54,135759.8232,56931077.63
"340","Turkey",2014,12303568,28191463171518.3,979363.375874783,495113230328724,"Turkey 2014",30.72251226,3180.367236,141185.04,141185.04,73550649.46
"341","Ukraine",2000,15863700,7759998933522.85,236473.812112308,419622059307600,"Ukraine 2000",63.11288305,2416.361874,12853.29,17866.0731,521006584.1
"342","Ukraine",2006,19472900,9286650772215.88,282996.135524551,608385076954560,"Ukraine 2006",63.11288305,2416.361874,25587.75,30193.545,377206388
"343","Ukraine",2010,21508610,18373896117449.9,559915.703013689,736015445449200,"Ukraine 2010",63.11288305,2416.361874,43251.78,46711.9224,331386433
"344","Ukraine",2014,23302000,34680976407835.3,1056848.43119105,1200174206664600,"Ukraine 2014",63.11288305,2416.361874,47858.75,47858.75,329848319.1
"345","United_Republic_of_Tanzania",2000,3738240,532942947141.6,18000,81831611285676,"United_Republic_of_Tanzania 2000",54.98337399,80.37956116,2008.55,2791.8845,39481003.53
"346","United_Republic_of_Tanzania",2006,6326710,3377370425614.72,114069.747966686,123813801817668,"United_Republic_of_Tanzania 2006",54.98337399,80.37956116,3158.78,3727.3604,53908197.59
"347","United_Republic_of_Tanzania",2010,7243771,3588085528295.14,121186.592027744,160460638014528,"United_Republic_of_Tanzania 2010",54.98337399,80.37956116,4835.48,5222.3184,58586748.63
"348","United_Republic_of_Tanzania",2014,10839418,5163586842576.28,174398.711278335,247460555841912,"United_Republic_of_Tanzania 2014",54.98337399,80.37956116,8243.08,8243.08,65738672.88
"349","United_States_of_America",2000,90288879,257241469211853,8252700,6215180145946488,"United_States_of_America 2000",66.67575229,12402.17048,338270,470195.3,2382501866
"350","United_States_of_America",2006,85033417,259905963000045,8338181.03831464,6316450142716512,"United_States_of_America 2006",66.67575229,12402.17048,456987,539244.66,2421515566
"351","United_States_of_America",2010,90742570,250933117473215,8050318.42228253,7295133095032680,"United_States_of_America 2010",66.67575229,12402.17048,489649,528820.92,2388211662
"352","United_States_of_America",2014,93671726,255010983236488,8181142.59650169,8166357756700344,"United_States_of_America 2014",66.67575229,12402.17048,632634,632634,2382208776
"353","Uruguay",2000,534852,1131023365600.51,38200,23978928802500,"Uruguay 2000",80.2172942,1782.148668,1580.65,2197.1035,35880863.07
"354","Uruguay",2006,949030,478510596172.399,16161.5624661127,44960580531756,"Uruguay 2006",80.2172942,1782.148668,1670.85,1971.603,37329012.37
"355","Uruguay",2010,1638127,629008665085.515,21244.5929386341,70310418630264,"Uruguay 2010",80.2172942,1782.148668,3179.9,3434.292,38413614.73
"356","Uruguay",2014,2218275,793004436290.751,26783.50455671,92552607610740,"Uruguay 2014",80.2172942,1782.148668,5066.27,5066.27,38830395.87
"357","Uzbekistan",2000,1589800,1419643977421.24,43261.426458815,59423825991600,"Uzbekistan 2000",27.86891249,671.9470199,2362.86,3284.3754,123336744.1
"358","Uzbekistan",2006,1669800,1497010177374.79,45619.0402147427,95318536476708,"Uzbekistan 2006",27.86891249,671.9470199,2777.73,3277.7214,156118525.7
"359","Uzbekistan",2010,1757149,5735704666868.2,174786.615223017,108998707399200,"Uzbekistan 2010",27.86891249,671.9470199,5599.95,6047.946,197165704.5
"360","Uzbekistan",2014,1736400,7296590899677.54,222352.17817065,117422804896416,"Uzbekistan 2014",27.86891249,671.9470199,8735.16,8735.16,240670762.1
"361","Venezuela_(Bolivarian_Republic_of)",2000,1132141,2652871559104.85,89600,59049204148548,"Venezuela_(Bolivarian_Republic_of) 2000",42.58360421,1633.390951,8322.11,11567.7329,119415745.5
"362","Venezuela_(Bolivarian_Republic_of)",2006,1417147,1112051504510.37,37559.2306616421,74325794207328,"Venezuela_(Bolivarian_Republic_of) 2006",42.58360421,1633.390951,8801.55,10385.829,125143365.3
"363","Venezuela_(Bolivarian_Republic_of)",2010,1335903,883156335606.679,29828.3599139113,67670141661288,"Venezuela_(Bolivarian_Republic_of) 2010",42.58360421,1633.390951,18305.47,19769.9076,147339048.7
"364","Venezuela_(Bolivarian_Republic_of)",2014,1117303,953927405642.135,32218.6331457282,64443672080352,"Venezuela_(Bolivarian_Republic_of) 2014",42.58360421,1633.390951,24902.21,24902.21,159407872.4
"365","Viet_Nam",2000,9335278,27819457352227.6,914200,448365825045000,"Viet_Nam 2000",60.10697341,652.5337752,5033.6,6996.704,214243867.4
"366","Viet_Nam",2006,9590012,29819503120417.4,979925.287813089,546931371417840,"Viet_Nam 2006",60.10697341,652.5337752,8730.48,10301.9664,268974100.3
"367","Viet_Nam",2010,9842513,30076110012919.5,988357.875773207,610823252691396,"Viet_Nam 2010",60.10697341,652.5337752,13564.9,14650.092,277686941.9
"368","Viet_Nam",2014,10194770,32422681622882,1065470.65833638,687249665946756,"Viet_Nam 2014",60.10697341,652.5337752,20397.48,20397.48,272428131.4
"369","Zambia",2000,1084169,319765768284.96,10800,25143929641656,"Zambia 2000",47.430356,78.15617195,239.97,333.5583,9871897.333
"370","Zambia",2006,1264354,747645828570.306,25251.5301805652,34144176496860,"Zambia 2006",47.430356,78.15617195,813.16,959.5288,11666495.88
"371","Zambia",2010,1823886,932289901070.412,31487.8324392362,60303420085392,"Zambia 2010",47.430356,78.15617195,1329.02,1435.3416,16925507.3
"372","Zambia",2014,1939445,1077572285617.57,36394.7046210984,69359437503072,"Zambia 2014",47.430356,78.15617195,1734.84,1734.84,23341904.41
"373","Zimbabwe",2000,2030930,3706914276784.91,125200,39287978786736,"Zimbabwe 2000",43.40218694,52.95665025,4773.47,6635.1233,15883874.8
"374","Zimbabwe",2006,3021830,1866369535491.83,63036.1126252545,44934452303940,"Zimbabwe 2006",43.40218694,52.95665025,1944.02,2293.9436,13826586.85
"375","Zimbabwe",2010,2373241,1133838219253.88,38295.0709002389,28356735265848,"Zimbabwe 2010",43.40218694,52.95665025,10674.79,11528.7732,17515579.15
"376","Zimbabwe",2014,1792246,946704871721.674,31974.6940688241,26399239045056,"Zimbabwe 2014",43.40218694,52.95665025,8214.42,8214.42,13438051.63
