"","country","year","N_area","Nt_area","yield","suit","cropsuit","manure_area","netcap_area","netcap14_area","market"
"1","Albania",2000,1187367.77938097,0.033112582781457,46238238.218543,33.9282890377,43.40924422,225.118972516556,0.00754685430463576,0.0104901274834437,3967.34828342
"2","Albania",2006,844143.545903435,0.0235409563309296,54107040.6272109,33.9282890377,43.4066224,277.150988319208,0.0177610852019232,0.0209580805382694,3965.67075793
"3","Albania",2010,714125.081896514,0.0199150813263108,72211325.4645116,33.9282890377,43.41224559,243.594943991567,0.0200296556570625,0.0216320281096275,3964.61944502
"4","Albania",2014,797895.037816958,0.0222512063653959,74700036.7147432,33.9282890377,43.36641,256.508199886794,0.0264601021716857,0.0264601021716857,3959.83220937
"5","Algeria",2000,208438.19068469,0.007039941990878,14958664.3473789,2.86557892393,35.181664,16.2610799975008,0.000966557635565083,0.00134351511343547,2176.60181973
"6","Algeria",2006,567101.04980664,0.0191536804291499,22702960.2413144,2.86557892393,34.18133964,7.46147877743649,0.000804619470696089,0.000949450975421386,2134.81595413
"7","Algeria",2010,452140.561690408,0.015270921876493,23068910.0420477,2.86557892393,33.46725117,7.41491418564163,0.00126957048360977,0.00137113612229855,2097.49995528
"8","Algeria",2014,547078.103377978,0.0184774109754514,23264665.5708712,2.86557892393,33.27097213,9.35920056378787,0.00172254325534727,0.00172254325534727,2084.96817257
"9","Argentina",2000,473139.05036986,0.0159801399987281,40158569.7331778,27.6027941431,52.88447241,6.8361733941311,0.000803395101752383,0.00111671919143581,2221.23388752
"10","Argentina",2006,723911.471819777,0.0244499088741931,42525175.2749156,27.6027941431,53.13945028,6.20376025663117,0.000650579768135216,0.000767684126399555,2190.09779628
"11","Argentina",2010,712329.324711447,0.0240587250728723,49004357.315865,27.6027941431,53.16904473,5.93029360850029,0.000931187164110415,0.00100568213723925,2184.03912312
"12","Argentina",2014,554020.058530689,0.0187118735824133,49165772.6401375,27.6027941431,53.18191145,5.62817258731427,0.00116307788848466,0.00116307788848466,2177.63480758
"13","Australia",2000,1286054.33199026,0.0434361278256565,29233641.124899,26.2187319819,34.72650342,8.09650890098489,0.00232493290417434,0.00323165673680233,6101.16828325
"14","Australia",2006,913971.983442037,0.0308691498596483,31530381.8768827,26.2187319819,34.90572559,8.12590786680184,0.00421069005375802,0.00496861426343446,6030.95560236
"15","Australia",2010,913277.344790609,0.0308456886321515,24981427.9717909,26.2187319819,34.90663251,6.77244771230032,0.00534293427318344,0.00577036901503812,6023.24003096
"16","Australia",2014,1375841.21736081,0.0464686549382454,31364826.3237953,26.2187319819,34.94311734,7.7182144730228,0.00597937069640022,0.00597937069640022,6016.41354088
"17","Austria",2000,3361763.87580394,0.116786716541464,75642515.8059417,30.1881144991,58.79635789,125.477103162745,0.0298006153057007,0.0414228552749239,26942.4051795999
"18","Austria",2006,2917833.17294441,0.101364690761468,80114357.7077654,30.1881144991,58.5914042,122.998182655066,0.0513411722919833,0.0605825833045403,26845.3575111
"19","Austria",2010,3121391.78566337,0.108436258807721,82869946.7105913,30.1881144991,58.55379228,118.858620834187,0.0613903429518824,0.066301570388033,26829.0083622
"20","Austria",2014,3036456.18710123,0.105485620380986,97608946.2758029,30.1881144991,58.49515628,114.872031849712,0.065012247205125,0.065012247205125,26817.3020665
"21","Azerbaijan",2000,160066.499744603,0.00487777584898406,32001298.8681552,23.5167815847,30.31646307,16.0372830071201,0.00422360872203707,0.00587081612363153,3062.29858091
"22","Azerbaijan",2006,655066.384613496,0.0199621219646041,36681588.7842564,23.5167815847,30.21049404,15.1402573724652,0.00455955541978993,0.00538027539535212,3069.15168381
"23","Azerbaijan",2010,538333.863295599,0.016404881229135,29075423.6239545,23.5167815847,30.18609728,13.2817108716532,0.00618305389553707,0.00667769820718004,3064.74889633
"24","Azerbaijan",2014,588939.794048668,0.0179470176988931,33045822.7984943,23.5167815847,30.16965113,13.7576169352004,0.00739693645451902,0.00739693645451902,3060.04881913
"25","Bangladesh",2000,1986695.6680045,0.0652865782640537,39374542.9777993,61.975340647,64.10654483,13.9930282147472,0.000607867547001474,0.00084493589033205,458.586228849
"26","Bangladesh",2006,2958417.58065208,0.0972191987064609,43663710.4511195,61.975340647,64.03318699,17.0183749334261,0.000791045331288148,0.000933433490920015,456.35737924
"27","Bangladesh",2010,2521501.11678922,0.0828612971052118,49932135.1281526,61.975340647,63.9875054,17.2193679401957,0.00101018882922425,0.00109100393556219,455.280688081
"28","Bangladesh",2014,2695990.75954233,0.0885953568816197,53947024.0634079,61.975340647,63.98155285,18.6913965083645,0.00142689253834999,0.00142689253834999,453.936951365
"29","Belarus",2000,287896.910611724,0.00877320738455362,28594503.6435903,42.0736449614,44.30696552,71.383189824098,0.00602740996342566,0.00837809984916167,5079.8171861
"30","Belarus",2006,443618.518214351,0.0135185794514197,38704085.2387344,42.0736449614,44.30302315,83.8823921803111,0.00949590064732001,0.0112051627638376,5063.07228489
"31","Belarus",2010,3263874.77008604,0.0994614710325792,41082539.1578383,42.0736449614,44.32014767,78.0770703866954,0.0110503067201374,0.0119343312577484,5065.44588217
"32","Belarus",2014,4499091.6303223,0.137102769984777,49987103.2726435,42.0736449614,44.30547332,80.5761553981696,0.0109254537801798,0.0109254537801798,5063.66940625
"33","Belgium",2000,5265431.95575928,0.182919601733947,115720418.272555,42.2769532294,46.77196662,468.301609319967,0.0154222974803576,0.0214369934976971,34434.4317705
"34","Belgium",2006,3138780.54459973,0.109040339324954,116944180.057401,42.2769532294,47.26129664,390.153467216911,0.0205821801964019,0.0242869726317542,34377.0665707
"35","Belgium",2010,3325007.20210605,0.115509800199107,130009331.674821,42.2769532294,47.25347614,365.193116065057,0.0243552570064713,0.026303677566989,34376.6584817
"36","Belgium",2014,3355921.90969554,0.116583768307992,136688650.064632,42.2769532294,47.25375475,348.768153567625,0.0285687907078508,0.0285687907078508,34376.452567
"37","Bolivia_(Plurinational_State_of)",2000,134915.425291326,0.00455673101270751,25148926.0291527,39.7738498443,48.1320222,29.0194785773078,0.000601603853956194,0.00083622935699911,1179.37265089
"38","Bolivia_(Plurinational_State_of)",2006,488909.531652981,0.0165127836233763,28011482.065076,39.7738498443,48.34248112,32.1068793612462,0.00057441165195996,0.000677805749312753,1103.16797837
"39","Bolivia_(Plurinational_State_of)",2010,445007.74922193,0.015030013116707,27396336.4748851,39.7738498443,48.33440691,36.1687794153021,0.000738472222333214,0.000797550000119871,1088.79531919
"40","Bolivia_(Plurinational_State_of)",2014,444108.862996415,0.0149996534841308,29875787.3119485,39.7738498443,48.32009784,31.3764079046547,0.00098201020502979,0.00098201020502979,1077.68020396
"41","Brazil",2000,948240.9334864,0.0320265741282438,43374847.113015,30.0376413841,37.00998081,35.3110255518012,0.00111880552547037,0.00155513968040382,1118.5452879
"42","Brazil",2006,1040378.00057356,0.0351384779754828,47530108.7491308,30.0376413841,36.90702921,31.9714975578359,0.00135483185767437,0.00159870159205575,1097.77453176
"43","Brazil",2010,1038481.89729286,0.0350744376138728,58105531.8526671,30.0376413841,36.89481484,32.8438772150352,0.00208279149348269,0.00224941481296131,1092.84622071
"44","Brazil",2014,1185853.84643223,0.0400518842594024,58091158.5580399,30.0376413841,36.88908152,27.2429554126004,0.00163249800300596,0.00163249800300596,1088.67283324
"45","Bulgaria",2000,1555178.67528865,0.0433698669609339,29334419.5076431,48.5668956713,54.50222805,25.3463936934431,0.000531565081314502,0.000738875463027158,5095.2661313
"46","Bulgaria",2006,3559372.33615065,0.0992615878395006,41073031.6928446,48.5668956713,54.52916084,20.8539365317238,0.000728090144000166,0.000859146369920196,5090.54237211
"47","Bulgaria",2010,3633246.09167946,0.101321733725049,49146814.8433666,48.5668956713,54.54578628,15.0753302191703,0.000781510282384794,0.000844031104975578,5087.19685381
"48","Bulgaria",2014,3763898.36143635,0.104965283914835,57872911.6611195,48.5668956713,54.55836224,12.9340327774299,0.000814088601090495,0.000814088601090495,5085.00014457
"49","Cambodia",2000,152131.786548252,0.00499933832286903,25487204.9515564,52.7289845791,54.33338177,28.5340825871086,0.000306841741534209,0.00042651002073255,670.365884705
"50","Cambodia",2006,997448.018289798,0.0327780289448212,32661488.4229056,52.7289845791,54.46213816,23.5591783255434,0.000286445515592347,0.000338005708398969,645.404290511
"51","Cambodia",2010,788686.91951,0.0259177442854869,39336437.2360198,52.7289845791,54.44562909,19.830322743038,0.000373990064894577,0.000403909270086143,640.242954456
"52","Cambodia",2014,912529.865566058,0.0299874577903544,46519121.131204,52.7289845791,54.41179501,16.9717050122401,0.000617852374924671,0.000617852374924671,633.019409734
"53","Canada",2000,1861523.04406734,0.0597205080224549,37635400.8272899,5.87949505266,51.86191616,10.6834701256762,0.00101212626875588,0.00140685551357067,7901.17852127
"54","Canada",2006,1867365.69116256,0.0599079490825236,41651758.3611667,5.87949505266,51.77344248,12.3184198153895,0.00148036385329377,0.00174682934688665,7870.28840833
"55","Canada",2010,2550849.99742186,0.0818351715927508,45747829.079005,5.87949505266,51.7388837,11.4165039572057,0.00183848756220822,0.00198556656718487,7867.50140125
"56","Canada",2014,2785184.15202478,0.0893529698840477,46988535.8097449,5.87949505266,51.71508144,9.96735259090003,0.00176553772272892,0.00176553772272892,7857.78302339
"57","Chile",2000,2032140.25082659,0.0686349724882652,61809049.2680971,13.5896658597,47.02702745,170.34209980119,0.00873810643370373,0.0121459679428482,3217.11638516
"58","Chile",2006,4672862.18910071,0.157824622419602,84043093.2447537,13.5896658597,47.2034544,209.528395372276,0.0144368055992263,0.0170354306070871,3226.13848983
"59","Chile",2010,5828116.12092128,0.196843003062972,95969897.253881,13.5896658597,47.19484224,232.342487577339,0.0249652679597176,0.026962489396495,3218.57376764
"60","Chile",2014,4189673.21349145,0.141505048987559,89326789.7566707,13.5896658597,47.29349983,322.172931696897,0.0305131731325999,0.0305131731325999,3210.89186675
"61","China,_mainland",2000,4693633.94791498,0.116945544691196,56082730.0037767,25.6035428174,55.51475531,40.7544825306414,0.000541014782123611,0.000752010547151819,2948.81393224
"62","China,_mainland",2006,6518047.5711367,0.162402230763717,63829291.1218291,25.6035428174,55.23318421,43.9295506402182,0.000990846494725214,0.00116919886377575,2916.72882989
"63","China,_mainland",2010,6191405.74747674,0.15426369537499,66629425.6298961,25.6035428174,55.02893,43.4010618148307,0.00211604916476508,0.00228533309794629,2894.48532652
"64","China,_mainland",2014,4651091.18880521,0.115885558720418,72252132.466011,25.6035428174,54.91474586,40.6234894721761,0.00364400743006507,0.00364400743006507,2875.17208813
"65","Colombia",2000,1711171.39352674,0.0577943384909786,61341875.1165328,38.143092257,49.25409545,140.533377601697,0.00366504473474786,0.00509441218129952,2743.74158491
"66","Colombia",2006,989161.7849616,0.0334086645199155,67300286.2014578,38.143092257,49.05305353,135.367781931169,0.00526445409228176,0.00621205582889247,2711.50179873
"67","Colombia",2010,908915.672403152,0.0306983743588407,69007917.4311891,38.143092257,49.02031714,161.186064384059,0.00834386909859098,0.00901137862647826,2710.98105167
"68","Colombia",2014,1072529.87367638,0.0362243985584548,79052049.6019733,38.143092257,49.01607506,171.649664681295,0.00902767565645143,0.00902767565645143,2699.03509263
"69","Costa_Rica",2000,3182521.07093054,0.107488765137048,75788931.4169764,49.3526438825,58.14661009,150.460851048015,0.00797606659729449,0.0110867325702393,3030.93353028
"70","Costa_Rica",2006,1124887.8816749,0.0379927757347138,88110307.5114083,49.3526438825,58.14285714,177.838105716621,0.0144130133720798,0.0170073557790542,2992.23352259
"71","Costa_Rica",2010,1134046.85648654,0.0383021175648172,75569999.9096711,49.3526438825,58.08272462,167.90381700533,0.0198710983869841,0.0214607862579429,2974.59434578
"72","Costa_Rica",2014,1355283.98859258,0.0457743402469398,78124715.8393482,49.3526438825,58.00160707,189.999162096151,0.0278660371111463,0.0278660371111463,2948.14143105
"73","Croatia",2000,3491617.79138123,0.0973720907422596,52692054.4619531,52.130871114,54.49706717,48.8675172675543,NA,NA,8389.06242787
"74","Croatia",2006,733340.182109359,0.0204509402299299,73073926.3777036,52.130871114,54.46882792,55.6722591212119,NA,NA,8350.87653464
"75","Croatia",2010,627986.309864811,0.0175128961995763,74544323.8444691,52.130871114,54.45980414,49.184829734597,NA,NA,8356.65316616
"76","Croatia",2014,4253480.08868797,0.118618438188872,82427494.6148389,52.130871114,54.432829,53.5494012083747,NA,NA,8362.63105847
"77","Cyprus",2000,2843860.72095614,0.0793078397248476,17430617.5867426,60.4841569957,64.00471476,105.731953236665,0.0148551700327982,0.0206486863455895,14717.2896479
"78","Cyprus",2006,2783735.05443189,0.0776310920947981,21984063.6612835,60.4841569957,64.00925153,112.117406667461,0.0243180232459201,0.0286952674301857,14662.787409
"79","Cyprus",2010,3100275.89230112,0.0864585884103216,31352134.4021147,60.4841569957,64.00966657,184.767084200672,0.0397384217192577,0.0429174954567983,14660.7674112
"80","Cyprus",2014,2876155.95489227,0.0802084693576595,14212543.3113826,60.4841569957,64.00458813,169.091298731564,0.0390821320371542,0.0390821320371542,14666.0511837
"81","Czechia",2000,2771451.40960995,0.0962794301265898,54849609.9655199,44.2630979821,52.66533393,49.5992992168097,0.00266989412791252,0.0037111528377984,16752.5302218
"82","Czechia",2006,2663404.17120525,0.0925258999350502,59465821.6974154,44.2630979821,52.61398501,45.1286674234971,0.00573514373398186,0.00676746960609859,16716.9591373
"83","Czechia",2010,2818837.63883275,0.0979256141908672,65115933.1249823,44.2630979821,52.60259024,40.2164598482025,0.00757139640180798,0.00817710811395262,16714.9149935
"84","Czechia",2014,2841879.48356002,0.0987260812933082,86906965.9081654,44.2630979821,52.58389187,39.5544121256301,0.00842239066549056,0.00842239066549056,16712.2332888
"85","Denmark",2000,3362913.06222264,0.116826638949311,86797971.4352256,26.9191713594,29.46591719,110.249668289788,0.0146747377466312,0.0203978854678174,12258.4056734
"86","Denmark",2006,2589692.40087017,0.0899651740941152,81667641.7378123,26.9191713594,29.36414227,108.923966150684,0.0228596505877063,0.0269743876934935,12147.8800763
"87","Denmark",2010,2731261.8701124,0.0948832570071708,82273214.908434,26.9191713594,29.35698851,106.119355051701,0.0244002304721565,0.026352248909929,12145.0140434
"88","Denmark",2014,2556615.73787007,0.0888161002719668,95029096.1540204,26.9191713594,29.35183229,102.837412293947,0.0241091984396628,0.0241091984396628,12144.4785837
"89","Dominican_Republic",2000,2730713.99235397,0.0922291065600908,48743019.7490017,54.9936276969,59.34870138,98.4586391983838,0.00608992506807386,0.00846499584462267,3849.72653409
"90","Dominican_Republic",2006,1318088.09674852,0.0445180593320988,56860242.9945344,54.9936276969,59.2729781,220.059764190237,0.0110926895107009,0.0130893736226271,3848.85684592
"91","Dominican_Republic",2010,1148300.58290494,0.03878353321523,57524992.3766574,54.9936276969,59.23858148,193.786748022693,0.0130073326136331,0.0140479192227237,3842.86493394
"92","Dominican_Republic",2014,1444918.92257935,0.0488017352437501,51779192.7849801,54.9936276969,59.21295898,183.51943775981,0.0139062628477456,0.0139062628477456,3837.24047585
"93","Ecuador",2000,1508589.49177497,0.050952191032063,37771758.7374434,37.2688721754,51.78688783,69.5283888477953,0.00352282570309631,0.00489672772730387,1882.86082392
"94","Ecuador",2006,832384.415847707,0.028113552427363,46096088.5267834,37.2688721754,51.6124847,74.7270467268994,0.00468873762808468,0.00553271040113993,1863.4463562
"95","Ecuador",2010,780100.301994172,0.0263476710053249,53233898.0760203,37.2688721754,51.41674064,77.1284778442901,0.00523152753388908,0.00565004973660021,1853.39799553
"96","Ecuador",2014,870870.36043311,0.0294134045151949,59687420.2000455,37.2688721754,51.25425835,73.4851530286738,0.00634026639988738,0.00634026639988738,1870.91405871
"97","Egypt",2000,4763867.4434193,0.160898299604975,99304605.5310442,1.35183899963,24.53052813,8.19766092537857,0.00574058349430275,0.00797941105708082,2991.93233107
"98","Egypt",2006,7796371.41933638,0.263320279029358,101843961.05886,1.35183899963,24.24494946,8.12217859873158,0.00597549663533318,0.00705108602969316,2976.18158416
"99","Egypt",2010,6875088.40514998,0.232204201137162,90234955.3347256,1.35183899963,23.90483664,8.36556483925835,0.0091010068713532,0.00982908742106145,2967.15649875
"100","Egypt",2014,6018515.8640801,0.203273701499343,99271060.1925544,1.35183899963,23.68838343,8.73076076798047,0.00891721645805982,0.00891721645805982,2962.42946539
"101","El_Salvador",2000,2255692.13203526,0.076185375178343,41539231.0259261,51.2445280576,53.38164963,38.5480085373793,0.00614732866370852,0.00854478684255484,5030.26722351
"102","El_Salvador",2006,857522.42999319,0.0289625818723449,50091028.7598375,51.2445280576,53.37181846,49.554376894699,0.00777052626859203,0.00916922099693859,5024.83537868
"103","El_Salvador",2010,768622.822856622,0.0259600223356428,49190083.2368118,51.2445280576,53.35645602,42.5820205262799,0.00923184019228101,0.00997038740766349,5021.61912847
"104","El_Salvador",2014,905854.403306836,0.0305949808454652,48025118.3032493,51.2445280576,53.28459241,32.3844483387131,0.00905489425397375,0.00905489425397375,5016.63248321
"105","Estonia",2000,1433455.75750541,0.0399753330503038,30419815.2546119,38.5953976371,46.19947938,44.5476015419942,0.000815806680528914,0.00113397128593519,8636.04224954
"106","Estonia",2006,3000764.25174721,0.0836834689462597,30856345.1376554,38.5953976371,46.24117588,42.8141411852328,0.00390600382579579,0.00460908451443904,8610.03267007
"107","Estonia",2010,3146677.995925,0.0877526217537896,33761456.9620487,38.5953976371,46.27746383,37.0060106988523,0.00524333790251382,0.00566280493471493,8608.83112444
"108","Estonia",2014,3176138.7108095,0.0885742040616092,50811117.6901571,38.5953976371,46.27027901,35.4637857329843,0.00716921465968586,0.00716921465968586,8593.07688134
"109","Ethiopia",2000,280255.264398823,0.0094655437063857,18587024.1032731,36.95663439,50.31514677,10.0369612002994,0.00139551606863232,0.00193976733539893,107.347844503
"110","Ethiopia",2006,477190.912387253,0.0161169905128482,25825409.4962245,36.95663439,50.27432634,10.8926777637431,0.00136818333116205,0.00161445633077122,107.240767672
"111","Ethiopia",2010,402116.362548576,0.0135813684460885,30029698.5706741,36.95663439,50.2285142,14.8535646371182,0.00109830529052942,0.00118616971377178,107.119344538
"112","Ethiopia",2014,460856.501382513,0.0155653003184996,38104587.7701058,36.95663439,50.21643442,15.5394745502129,0.00155568706068585,0.00155568706068585,107.106650081
"113","Finland",2000,2333274.1272196,0.0810572765298584,48019497.6280735,6.28209998404,16.26134063,63.3630030078778,0.0152625686321318,0.0212149703986632,13165.0788229
"114","Finland",2006,2323204.22916974,0.0807074511487196,46342889.9684764,6.28209998404,16.13112204,53.5651492228546,0.0230698117338004,0.0272223778458844,12972.7730528
"115","Finland",2010,2432661.02421647,0.0845099489352733,42087482.9946217,6.28209998404,16.09966392,55.7624250388431,0.0296669774112585,0.0320403356041592,12941.7182302
"116","Finland",2014,2325238.67385757,0.0807781271759054,52717505.6553341,6.28209998404,16.0221781,54.3318961313013,0.0312567878077374,0.0312567878077374,12877.0580074
"117","France",2000,2233466.73615375,0.0775899962806281,94319462.5572382,44.0256133376,49.09173818,91.6390365253699,0.00771820494321834,0.0107283048710735,19311.381923
"118","France",2006,2926811.26206439,0.101676587012327,89215938.0659459,44.0256133376,49.15522846,83.5823151339058,0.0121745139408554,0.0143659264502093,19239.4965789
"119","France",2010,3087684.53298425,0.107265278480292,93133592.4597245,44.0256133376,49.11723183,81.8559343303216,0.013581054157868,0.0146675384904975,19233.7554479
"120","France",2014,3089225.43899687,0.107318809114912,100749776.487855,44.0256133376,49.09153444,75.568226157321,0.013672597953817,0.013672597953817,19204.0660069
"121","Germany",2000,4710862.20988086,0.163654007210629,89905044.9961735,40.6836811834,44.03927142,103.674519973224,0.0147461764944291,0.0204971853272565,25672.2072012
"122","Germany",2006,2648599.85632825,0.0920116022660276,89890043.7379289,40.6836811834,44.05093482,94.0955901333129,0.0206328036641846,0.0243467083237379,25598.5267813
"123","Germany",2010,2804126.93752622,0.0974145686305357,93200816.1294137,40.6836811834,44.0644526,95.3456650091887,0.0242635473648235,0.0262046311540094,25602.3316999
"124","Germany",2014,2777353.45653538,0.0964844655504802,110926941.658664,40.6836811834,44.10045616,100.527537609276,0.027381250825344,0.027381250825344,25605.1134573
"125","Greece",2000,2748807.27051953,0.0954927792043429,55883883.200722,35.1510883808,42.0102758,50.8982225840242,0.00919503968420482,0.0127811051610447,12442.4284418
"126","Greece",2006,3293501.78328418,0.114415310950783,57147094.2835854,35.1510883808,42.03501189,53.5481565455794,0.0167969337770754,0.019820381856949,12419.8542205
"127","Greece",2010,3371398.77110404,0.117121430051363,58152641.4820707,35.1510883808,42.04389513,51.6763821919439,0.0196939341592381,0.0212694488919772,12412.203343
"128","Greece",2014,3263222.90917865,0.113363431515464,60974368.9610696,35.1510883808,42.0418254,57.4856112172219,0.0200461042963459,0.0200461042963459,12406.2546605
"129","Guatemala",2000,2682529.33619508,0.0906016831829511,46841910.2937458,47.8635737427,61.9738339,45.8619590949761,0.0035397840678689,0.00492029985433777,1143.54390386
"130","Guatemala",2006,1018442.05697872,0.0343975975738849,59881521.0664707,47.8635737427,61.5833998,76.6178055886265,0.00572121909117302,0.00675103852758417,1105.34385002
"131","Guatemala",2010,939308.100023194,0.0317248701593666,52689733.4744296,47.8635737427,61.44224578,58.6597517772408,0.00550037258979666,0.00594040239698039,1094.66806055
"132","Guatemala",2014,1048536.17308168,0.0354140179857856,63273980.8908925,47.8635737427,61.3610908,56.2337266739187,0.00608440360356029,0.00608440360356029,1091.59669883
"133","Guinea",2000,175743.8697809,0.0059357003841083,20202111.7266427,48.8190976393,45.15961268,3.3422776018629,0.000466591709424637,0.000648562476100245,182.973278247
"134","Guinea",2006,632807.20081048,0.0213728874275959,20989605.6974006,48.8190976393,45.15857929,3.66466530213139,0.000234160074040554,0.000276308887367854,183.027076676
"135","Guinea",2010,643672.860381462,0.0217398720613671,17226032.8234514,48.8190976393,45.14739413,3.37314623061395,0.000331604004326767,0.000358132324672909,182.576605365
"136","Guinea",2014,739525.612062599,0.0249772721236331,17962181.7041236,48.8190976393,45.14528916,3.68946074470159,0.000455138534131267,0.000455138534131267,182.402063764
"137","Honduras",2000,2363601.91022571,0.0798299979617873,35436693.6853603,49.1393205278,57.17729999,42.2279127946916,0.00198691769395104,0.00276181559459194,1474.46699049
"138","Honduras",2006,833270.18327673,0.0281434689762317,48480277.9781623,49.1393205278,57.18286031,61.8186157337914,0.00250543054673518,0.00295640804514751,1469.34792943
"139","Honduras",2010,822010.500674795,0.027763176324041,54823902.947702,49.1393205278,57.17490184,64.173904516438,0.00356542268324372,0.00385065649790322,1463.35084522
"140","Honduras",2014,869844.210480959,0.0293787465856025,53275898.8347083,49.1393205278,57.15591939,57.3958592042337,0.00416214245533115,0.00416214245533115,1456.77241702
"141","Hungary",2000,1443941.33017233,0.0501621092555209,49403017.7395833,55.8074487732,56.83434424,30.7821767135769,0.00449779937088086,0.0062519411255244,9400.19165579
"142","Hungary",2006,3208758.1119774,0.111471340022063,66863167.4460844,55.8074487732,56.81275777,25.8606471610965,0.00715775851961943,0.00844615505315093,9362.87935907
"143","Hungary",2010,3362777.03298858,0.116821913332586,60542867.9108361,55.8074487732,56.81983466,24.2490514109556,0.00853792322235278,0.009220957080141,9362.87371035
"144","Hungary",2014,3321142.21934209,0.115375531802167,76651232.534334,55.8074487732,56.8175584,21.9216466604127,0.00751465643419439,0.00751465643419439,9361.7826773
"145","India",2000,1591534.00061249,0.0446912303927187,29637174.9199348,56.8010653572,65.73811955,15.1067540734885,0.00107549396821981,0.00149493661582554,1518.23080161
"146","India",2006,2601634.44938135,0.0730554575209766,30809000.5358877,56.8010653572,65.73733993,16.4165502152175,0.00198096578519605,0.00233753962653134,1514.72321245
"147","India",2010,3572792.91035322,0.100326170248715,34459885.6988624,56.8010653572,65.73818562,17.0496108717759,0.00346251888717399,0.0037395203981479,1513.49163192
"148","India",2014,3488177.83619929,0.0979501281583451,37350054.0312223,56.8010653572,65.74389983,16.8678926823394,0.00434209672159427,0.00434209672159427,1512.05255083
"149","Indonesia",2000,2535129.64238948,0.0833091562401336,56843790.3588652,51.4631439984,62.07651955,19.5719168000285,0.00168966755074668,0.00234863789553789,1145.62923608
"150","Indonesia",2006,2507403.39058889,0.0823980191508949,71421907.8270704,51.4631439984,61.81327381,21.4493310361808,0.00356044646024585,0.0042013268230901,1117.1072097
"151","Indonesia",2010,2934250.83362478,0.096425033678271,76524172.962011,51.4631439984,61.44183118,21.2469510393928,0.00673511615151553,0.00727392544363677,1087.0407755
"152","Indonesia",2014,2701638.18334299,0.0887809419120244,83386079.4125547,51.4631439984,61.07990016,23.8765896263146,0.00714761727782271,0.00714761727782271,1047.16261242
"153","Iran_(Islamic_Republic_of)",2000,2268481.54864705,0.0766173341717905,26144697.2435473,9.70286091814,24.24184793,31.4856572594837,0.00209212104897096,0.00290804825806963,3021.83223818
"154","Iran_(Islamic_Republic_of)",2006,2260860.70321789,0.0763599422343221,34107944.9965646,9.70286091814,24.01854999,30.636100166084,0.00229005842977882,0.00270226894713901,3047.19913222
"155","Iran_(Islamic_Republic_of)",2010,1898040.22762253,0.0641057814545544,31305916.4306571,9.70286091814,23.96786708,35.6553847993445,0.00378786378929613,0.00409089289243982,3038.59598031
"156","Iran_(Islamic_Republic_of)",2014,1774821.54621116,0.059944104717297,29957862.1204507,9.70286091814,23.8835182,32.9865519471357,0.00456974830400234,0.00456974830400234,3027.88906425
"157","Ireland",2000,3643527.46293916,0.126575103054659,108341310.642522,34.0599132511,49.42602579,919.012037843444,0.0281137543862185,0.0390781185968437,25036.9111949
"158","Ireland",2006,2474862.46624965,0.085976014973951,104882812.745297,34.0599132511,49.49857226,908.752599958719,0.0378202954532052,0.0446279486347821,24941.4812521
"159","Ireland",2010,2513907.43568456,0.0873324260564142,103022427.901818,34.0599132511,49.52397961,855.031442626794,0.0416456655995194,0.044977318847481,24939.8847678
"160","Ireland",2014,2176948.62320782,0.0756265731849187,117105121.085664,34.0599132511,49.52705843,809.066542642945,0.0407205125443466,0.0407205125443466,24938.5461386
"161","Israel",2000,4100745.64865493,0.138501545187307,43039466.529547,34.5517771245,59.69652767,81.7877586681239,0.0206579294490088,0.0287145219341223,20489.0522033
"162","Israel",2006,608188.046709527,0.0205413823364902,44510011.313713,34.5517771245,59.61095582,75.9088830523918,0.022978132118451,0.0271141958997722,20441.861462
"163","Israel",2010,497592.385719801,0.0168060446075791,54895836.5627106,34.5517771245,59.59822354,106.377684511133,0.0386479186834463,0.041739752178122,20409.4842257
"164","Israel",2014,557562.640377104,0.0188315233002255,72560960.950679,34.5517771245,59.47908275,92.37527919786,0.0381357396295815,0.0381357396295815,20365.8749703
"165","Italy",2000,3232946.05893296,0.112311622388457,69005751.1532299,39.9934185599,52.05013803,95.1950418638419,0.0320756030363353,0.0445850882205061,16874.1381283
"166","Italy",2006,3228113.72865447,0.112143748615248,74226540.2591626,39.9934185599,51.99195197,100.376214947091,0.0597293275205728,0.0704806064742759,16843.7665812
"167","Italy",2010,3376157.70297235,0.117286753984772,74719567.9119413,39.9934185599,51.96337968,114.603958255147,0.0751606179687023,0.0811734674061985,16825.6843472
"168","Italy",2014,3305783.74988813,0.114841982961471,79681925.3651474,39.9934185599,51.93148678,111.606437516576,0.074241922509793,0.074241922509793,16816.2810079
"169","Japan",2000,2402594.20820493,0.080145137772683,72581000.8605357,43.0108633162,53.9427196,78.6898436697325,0.113487362461761,0.157747433821848,19323.7623035
"170","Japan",2006,1093718.16404465,0.0364839774617352,67985949.2001961,43.0108633162,53.86486135,76.4293670567039,0.0885464511242237,0.104484812326584,19237.8339526
"171","Japan",2010,2736829.1465519,0.0912944634019477,67597152.0185004,43.0108633162,53.94309334,79.0434096308259,0.104725236469732,0.11310325538731,18912.023106
"172","Japan",2014,2467798.0335422,0.082320190699688,71179877.9291372,43.0108633162,54.0755518,79.3678241512844,0.0815724285413517,0.0815724285413517,18676.5845445
"173","Jordan",2000,1289720.02974563,0.0435599357490948,29616339.8821704,5.84499034542,42.18509309,76.2808344450192,0.0100106177343388,0.013914758650731,3177.7886238
"174","Jordan",2006,413589.404891436,0.0139688672642625,19166637.0327569,5.84499034542,41.99983841,42.7976920047888,0.0040410217946314,0.00476840571766505,3173.58482295
"175","Jordan",2010,380547.567631201,0.0128528883890862,34747681.8983307,5.84499034542,41.80614172,66.3569778158015,0.00456556773641591,0.00493081315532918,3167.62321723
"176","Jordan",2014,374058.405174492,0.0126337187296559,26949939.4579673,5.84499034542,41.57420657,45.7662504508697,0.00288818430391529,0.00288818430391529,3158.1769093
"177","Kenya",2000,474532.357988661,0.0160271985765231,22221182.4492849,28.4904839206,49.20619047,18.9886687799517,0.000971187489252899,0.00134995061006153,350.56853474
"178","Kenya",2006,663523.179621196,0.0224103110797115,27943972.0350052,28.4904839206,49.31963161,18.2853625620867,0.00124799295485428,0.00147263168672805,346.21732862
"179","Kenya",2010,573624.920279638,0.0193740223421891,28503705.5692273,28.4904839206,49.3497639,19.9830765604435,0.00176578719569988,0.00190705017135587,344.948113845
"180","Kenya",2014,615594.045709597,0.0207915178954956,27023078.3394702,28.4904839206,49.35178431,20.8342322059354,0.00304893558122551,0.00304893558122551,344.331210552
"181","Kuwait",2000,2871769.3024119,0.0969932104752667,81081036.8205626,8.70497691124,8.431150077,1409.13471629486,0.155838991270611,0.216616197866149,31137.8131191
"182","Kuwait",2006,319767.344237641,0.010800053227364,107372799.228552,8.70497691124,8.612169463,1252.69696568291,0.152333562113933,0.179753603294441,29627.8669751
"183","Kuwait",2010,310117.385660743,0.0104741285569733,126410941.403181,8.70497691124,8.640413912,1134.33238447147,0.143576551294044,0.155062675397568,29485.4859977
"184","Kuwait",2014,349105.112771323,0.011790928210209,216699247.65319,8.70497691124,8.680937229,1110.94918345408,0.125942977331152,0.125942977331152,29375.9976526
"185","Lao_People's_Democratic_Republic",2000,436563.882161525,0.0143463150994966,35431295.0165007,40.879030566,47.32458868,44.0634003116613,0.000209184115166281,0.000290765920081131,288.288224923
"186","Lao_People's_Democratic_Republic",2006,992779.037982208,0.0326245974187077,43738021.5332508,40.879030566,47.25003507,47.1998439987896,0.000417815190778796,0.000493021925118979,281.311327968
"187","Lao_People's_Democratic_Republic",2010,811129.229099565,0.0266552410370235,49031338.1879629,40.879030566,47.22856497,43.2460132225117,0.000638028457987089,0.000689070734626056,278.211802628
"188","Lao_People's_Democratic_Republic",2014,944194.910629331,0.0310280310779756,59317978.2623111,40.879030566,47.20354375,41.3593264775359,0.000976294763784046,0.000976294763784046,274.105823015
"189","Latvia",2000,180913.853315119,0.00504521433732387,32973194.9615764,38.2044448341,47.48517779,51.0655884975369,0.00528970443349754,0.00735268916256158,6657.78466657
"190","Latvia",2006,3212086.4497936,0.089576692510081,33740936.2005922,38.2044448341,47.38141364,38.6250295521836,0.00643791635825315,0.00759674130273871,6647.10906193
"191","Latvia",2010,3467757.16672437,0.0967066803084521,42029573.6520063,38.2044448341,47.29807343,35.0620540213773,0.00768102330471351,0.00829550516909059,6649.72235191
"192","Latvia",2014,3612448.36641881,0.100741739546903,49961620.9166335,38.2044448341,47.21217868,31.4077410708899,0.00802043740573152,0.00802043740573152,6659.48273254
"193","Lebanon",2000,1607695.28089896,0.0542994615303398,39621115.7856378,40.1283769335,43.67076956,59.5054148328029,0.0136216232522361,0.0189340563206082,11216.1940992
"194","Lebanon",2006,526857.329454195,0.0177944599530573,41879639.7825946,40.1283769335,43.66797341,46.1231610805565,0.0116389517955354,0.0137339631187318,11212.6120206
"195","Lebanon",2010,441424.660870972,0.0149089953029557,43912492.0088838,40.1283769335,43.39501282,100.247050777332,0.0252025720017194,0.027218777761857,11206.2097324
"196","Lebanon",2014,484037.272584196,0.0163482244267333,54173300.9693445,40.1283769335,43.27324431,93.1067919470521,0.0269230982249176,0.0269230982249176,11201.6678252
"197","Lithuania",2000,965463.304013507,0.0269242471724079,39197291.7016726,42.9859131513,47.20854775,46.0755156523152,0.00217976692988148,0.00302987603253526,8039.42246684
"198","Lithuania",2006,3119996.82836414,0.0870085537532037,28036449.5851957,42.9859131513,47.23338013,47.0266670745273,0.00454832642329862,0.00536702517949237,8020.14275478
"199","Lithuania",2010,3378201.64882005,0.0942092110730233,39643150.9288259,42.9859131513,47.24019136,38.4231732754683,0.00441883051621745,0.00477233695751485,8019.20254065
"200","Lithuania",2014,3562706.39411281,0.0993545659985741,57972003.9588794,42.9859131513,47.23840658,30.0195332653221,0.0048982892568469,0.0048982892568469,8019.52713728
"201","Luxembourg",2000,2579671.07875441,0.0896170362270487,72783790.7846096,48.115499573,51.23329843,280.335072878159,0.0204319124858544,0.0284003583553376,68652.4765445
"202","Luxembourg",2006,2593837.59927783,0.0901091771024547,77591069.5185902,48.115499573,51.05144079,232.780273047685,0.050818590186593,0.0599659364201797,68308.8884511
"203","Luxembourg",2010,2748389.25721828,0.0954782575416896,78395468.3901493,48.115499573,51.00078616,250.1110188078,0.0723760867306294,0.0781661736690797,68313.7551662
"204","Luxembourg",2014,2682452.31173292,0.0931876268946556,82279308.3476899,48.115499573,50.99248289,271.846569489503,0.111702651303278,0.111702651303278,68308.3960507
"205","Madagascar",2000,35394.6975563488,0.00119544607810525,24597171.6079872,50.6474819655,49.59033467,13.4839254914843,0.000559884571884771,0.000778239554919832,76.0615238869
"206","Madagascar",2006,855033.675310502,0.0288785248742579,31383628.4716301,50.6474819655,49.60238343,17.0655305051402,0.000681433719816796,0.00080409178938382,75.5357308405
"207","Madagascar",2010,726159.738486404,0.0245258434563398,37176688.6588489,50.6474819655,49.58338506,17.9764227528894,0.00100332395594165,0.00108358987241698,75.3382529344
"208","Madagascar",2014,825173.133669022,0.0278699933749119,40495257.0565929,50.6474819655,49.58588368,23.9705955754259,0.00129762364573328,0.00129762364573328,75.2586771775
"209","Malawi",2000,478384.042120039,0.0161572881381481,29307953.1664168,46.2533218075,58.57949247,4.31057633329424,0.000281537212872507,0.000391336725892784,150.282916436
"210","Malawi",2006,612895.867298708,0.0207003876691618,26045180.2487145,46.2533218075,58.60579471,4.48524550360848,0.000174492034766709,0.000205900601024717,149.766902886
"211","Malawi",2010,494991.38173885,0.0167181964206236,33583742.430327,46.2533218075,58.55625526,11.0057089590756,0.000351205491801201,0.000379301931145297,149.100851501
"212","Malawi",2014,527612.637285903,0.0178199702652654,36959552.4801834,46.2533218075,58.502756,15.7267297261233,0.000264473898269146,0.000264473898269146,149.193297433
"213","Malaysia",2000,2522719.75222799,0.0829013437712562,113852288.978294,54.8459907985,56.92522495,12.158524660972,0.00398676820992382,0.00554160781179411,5647.70167325
"214","Malaysia",2006,2739291.69028291,0.0900183073864346,132305650.470514,54.8459907985,56.95613583,13.3663990889098,0.00513110424943815,0.00605470301433701,5274.41785324
"215","Malaysia",2010,2515201.89978577,0.0826542929170409,121140977.261865,54.8459907985,56.93775268,13.506010258577,0.00714634658964322,0.00771805431681468,5001.28431837
"216","Malaysia",2014,3179088.28583737,0.104470855563968,142716656.273658,54.8459907985,56.85569909,16.6668787929967,0.00997479798895475,0.00997479798895475,4648.06633005
"217","Malta",2000,2962335.392037,0.102910685137824,55614182.5422864,65.6913319239,68.28760331,390.941225881853,0.0209817254568636,0.0291645983850404,2
"218","Malta",2006,3006757.68421038,0.104453902875845,57751672.5,65.6913319239,68.4186314,480.561597959184,0.0410918367346939,0.0484883673469388,2
"219","Malta",2010,3116887.02581301,0.108279764737593,65254976.4596912,65.6913319239,68.44373918,394.861812055869,0.0548345993629012,0.0592213673119334,2
"220","Malta",2014,3261448.40144684,0.113301785623863,63034539.7080491,65.6913319239,68.43706697,324.613318099136,0.0621305138699409,0.0621305138699409,2
"221","Mauritania",2000,477026.968330318,0.0161114533478652,11513883.3200588,4.48685360155,34.68338606,34.5465724494148,0.00119670189072644,0.00166341562810975,8.73904006047
"222","Mauritania",2006,311509.642528862,0.010521151645956,8825592.90535872,4.48685360155,34.68542311,31.6762379178211,0.0012940321091002,0.00152695788873823,8.95008727751
"223","Mauritania",2010,251035.812438548,0.00847866483294183,12536558.1328902,4.48685360155,34.61692568,27.2799911854736,0.00176177914885049,0.00190272148075853,8.93588505878
"224","Mauritania",2014,430714.338904234,0.0145472571536186,20601779.2253241,4.48685360155,34.54738205,37.1616829304239,0.00311964914944644,0.00311964914944644,8.94755897655
"225","Mexico",2000,2239159.21901806,0.0756269806336629,43100625.3670914,38.3519784824,50.55051239,36.7058587117641,0.000692339217520468,0.000962351512353451,4722.88968981
"226","Mexico",2006,2336612.32370185,0.0789184321740511,50000169.4443548,38.3519784824,50.4857879,40.0821179339281,0.000965932873720292,0.00113980079098994,4721.05647645
"227","Mexico",2010,2409147.29412401,0.0813682806514566,53504983.8171345,38.3519784824,50.37281,40.9304111133013,0.00102809962897432,0.00111034759929227,4700.82949213
"228","Mexico",2014,2978405.73540634,0.100594826378423,54922502.1229931,38.3519784824,50.33378475,40.9630907120505,0.00125545966791271,0.00125545966791271,4683.25266308
"229","Morocco",2000,328549.528848752,0.0110966690731086,6052990.67558456,14.6955524638,47.36217049,4.65748854341482,0.00112626699053061,0.00156551111683755,2089.74000134
"230","Morocco",2006,634802.754154659,0.0214402866874753,23823477.1881918,14.6955524638,47.13138233,4.99092960421726,0.00184288546753315,0.00217460485168911,2079.42100758
"231","Morocco",2010,710372.964645716,0.0239926495550855,22357792.1179225,14.6955524638,46.78719457,6.06322963564323,0.00282920392570195,0.0030555402397581,2063.38746041
"232","Morocco",2014,853563.350633936,0.0288288650667304,21350663.5720318,14.6955524638,46.71569216,7.25363418025665,0.00384922209952568,0.00384922209952568,2061.01517953
"233","Myanmar",2000,475607.445978292,0.0156293604727174,33511363.5213075,41.3603344839,53.98793622,25.1140137362468,0.000208683458740628,0.000290070007649473,200.802579618
"234","Myanmar",2006,924298.343678597,0.0303741922458207,39217391.7101215,41.3603344839,53.94325505,23.7913829352902,0.000208168672896416,0.000245639034017771,198.759661465
"235","Myanmar",2010,737341.52422856,0.0242304374566018,41250154.5857039,41.3603344839,53.92627332,28.8547219269846,0.000574027465682304,0.000619949662936888,198.102398075
"236","Myanmar",2014,866150.005423942,0.0284633278404031,40719593.439067,41.3603344839,53.92190987,40.6410113603197,0.00110904632511027,0.00110904632511027,197.473647031
"237","Netherlands",2000,5131067.45072265,0.178251817218833,119748132.340578,40.8449229637,45.23344778,781.793777806188,0.0784020710815648,0.108978878803375,27475.1903692
"238","Netherlands",2006,2976543.9865806,0.103404287652671,111402269.906817,40.8449229637,45.030171,746.705020434854,0.137642744264618,0.162418438232249,27178.2226514
"239","Netherlands",2010,3090394.49339063,0.107359421730535,121699062.606414,40.8449229637,45.01778283,818.604972638591,0.172025373228209,0.185787403086465,27170.5156905
"240","Netherlands",2014,3239849.10820242,0.112551432347778,127729229.878031,40.8449229637,45.0108841,891.061126786043,0.203728740367698,0.203728740367698,27164.5697175
"241","New_Zealand",2000,2665439.08403923,0.0900244646636796,90550382.6933121,26.6451644421,37.83672742,373.070019035707,0.0367746502102862,0.0511167637922978,4055.16979522
"242","New_Zealand",2006,481036.483248702,0.0162468736004796,99314911.6336171,26.6451644421,37.23903768,493.673749190745,0.0836502417775646,0.0987072852975263,4025.7940105
"243","New_Zealand",2010,423232.805852135,0.0142945704529876,104417923.060765,26.6451644421,36.71296879,458.307022181983,0.0971686457499042,0.104942137409897,3627.11001698
"244","New_Zealand",2014,4467032.9330115,0.150872796469982,109564487.447608,26.6451644421,36.06676636,467.561293593833,0.122791267942584,0.122791267942584,3292.51494852
"245","Nicaragua",2000,824234.047249305,0.0278382759919433,32043555.1098957,65.0365767529,65.99981918,68.7724915075063,0.000644137677559984,0.000895351371808378,1658.15400392
"246","Nicaragua",2006,857344.317556216,0.028956566174262,38116943.9357764,65.0365767529,66.01576084,77.1305956145095,0.000805809489187008,0.00095085519724067,1653.66401505
"247","Nicaragua",2010,760815.141660873,0.0256963200720566,41115090.5305492,65.0365767529,66.03888364,84.5756884983829,0.000976298216518615,0.0010544020738401,1649.81719162
"248","Nicaragua",2014,843298.237956436,0.0284821637374682,41969529.264296,65.0365767529,66.07129582,80.5708695414147,0.00109114393984757,0.00109114393984757,1647.87532394
"249","Nigeria",2000,75053.0131885178,0.00253489467238297,20907939.5510016,54.6420575446,55.48791655,4.33162780401233,0.000221081222926831,0.000307302899868295,474.577831712
"250","Nigeria",2006,371124.423817505,0.0125346243243185,26003835.2251079,54.6420575446,55.45956665,5.06068973137806,0.000479300692112657,0.000565574816692935,472.342576207
"251","Nigeria",2010,375149.046878571,0.0126705548502552,25663882.7025125,54.6420575446,55.44032524,6.42279708543926,0.00145697036696485,0.00157352799632204,470.373319409
"252","Nigeria",2014,434167.958112507,0.0146639021830393,24128067.9961876,54.6420575446,55.42957714,5.57042151880653,0.00212282123860292,0.00212282123860292,469.084094724
"253","Norway",2000,3192762.52727956,0.110915657979827,53835805.2569622,5.24917620527,22.00584903,192.415959093595,0.0603452431728094,0.0838798880102051,24927.0217481
"254","Norway",2006,365325.994585799,0.0126913206730551,53131972.1858095,5.24917620527,22.13085364,182.06222457955,0.0886906510126654,0.104654968194945,24769.6004619
"255","Norway",2010,294003.384205987,0.0102135935663491,56336823.0044217,5.24917620527,22.3676888,192.412864752219,0.117694146932626,0.127109678687236,25532.5653509
"256","Norway",2014,368307.169984953,0.0127948858546573,63494253.699745,5.24917620527,22.61972074,208.431817775558,0.130961594069557,0.130961594069557,26460.5113245
"257","Pakistan",2000,2760839.19103181,0.0907263990265854,33849164.4255557,15.1545610082,37.33951323,29.4778141801727,0.00227239084541277,0.00315862327512375,996.441995483
"258","Pakistan",2006,3353163.24537156,0.110191288065266,35363317.3201298,15.1545610082,37.12766964,35.8589531835135,0.00385031900020921,0.00454337642024687,985.681622766
"259","Pakistan",2010,4393032.37043419,0.14436335483479,37043188.4330395,15.1545610082,37.0228636,39.4674553580959,0.0043365503392147,0.00468347436635187,982.086703801
"260","Pakistan",2014,4398279.34642141,0.144535780392441,42069112.5671787,15.1545610082,36.99785399,43.83878507804,0.00585177805501695,0.00585177805501695,980.360571465
"261","Paraguay",2000,222970.955087922,0.00753078207171815,35867314.2919086,49.9283293369,46.82714147,18.4546151577264,0.000682568846313151,0.00094877069637528,202.683557072
"262","Paraguay",2006,381125.848305467,0.0128724196582259,31424525.6173745,49.9283293369,47.1029254,8.88932506327714,0.000501595615194169,0.000591882825929119,181.251666153
"263","Paraguay",2010,361740.721439964,0.0122176923831011,43378440.522593,49.9283293369,47.11745348,7.0900973015453,0.000515882749706475,0.000557153369682993,176.964319995
"264","Paraguay",2014,356930.782147057,0.0120552380195773,43294223.2214007,49.9283293369,47.13438745,6.6130800946257,0.000589724529696852,0.000589724529696852,173.338601813
"265","Philippines",2000,1353589.3051912,0.0444815054132143,34737838.6032301,52.6627836068,61.06542524,19.592650581854,0.00212379095889417,0.00295206943286289,837.684286175
"266","Philippines",2006,1344277.47652718,0.0441755011063415,42270392.5805381,52.6627836068,61.07085719,21.3722392739486,0.00311007978638863,0.00366989414793859,835.492745361
"267","Philippines",2010,1409283.22488589,0.0463117129812566,42254698.2362242,52.6627836068,61.06154459,21.8700637088618,0.00470024437005705,0.00507626391966161,830.313074538
"268","Philippines",2014,1955380.8053423,0.0642575126326393,47668023.3692717,52.6627836068,61.00848537,19.1178326861286,0.0055474425211686,0.0055474425211686,818.961625823
"269","Poland",2000,2155804.33530305,0.0601197461754962,40588976.3270945,40.3242430278,45.64660622,50.4705711570617,0.0022554758170885,0.00313511138575301,9679.15930842
"270","Poland",2006,3294504.17695894,0.0918751074248304,40964856.5534797,40.3242430278,45.63560791,67.1891769819685,0.0037142111458386,0.00438276915208955,9652.91144809
"271","Poland",2010,3431933.23123143,0.0957076444156421,54141138.3355105,40.3242430278,45.63549629,70.9149181392285,0.0045540765797677,0.00491840270614912,9652.10658325999
"272","Poland",2014,3570150.03602986,0.0995621497089071,67247442.6164742,40.3242430278,45.64335154,62.6712313033081,0.00437212519343711,0.00437212519343711,9654.29567692
"273","Portugal",2000,3912068.01302346,0.135904125038717,40627771.1754035,34.4164909764,38.11910979,158.250082870635,0.0149143099302925,0.0207308908031066,9437.5086005
"274","Portugal",2006,3229653.72389397,0.11219724760987,48783854.49959,34.4164909764,37.95814192,243.21810912937,0.044013532505542,0.0519359683565395,9433.53525658
"275","Portugal",2010,3474920.46854901,0.120717744242973,55637478.6077203,34.4164909764,37.95604061,318.785982398428,0.0715575760164986,0.0772821820978184,9379.25776665
"276","Portugal",2014,3485442.9723497,0.121083293018579,72756238.9527135,34.4164909764,37.93573378,325.340210372413,0.0678340429077907,0.0678340429077907,9306.80286287
"277","Republic_of_Korea",2000,3136530.99417692,0.10307234244621,71306337.1115379,41.1176499477,40.56924635,66.0309751896239,0.0291429397999231,0.0405086863218931,21173.9832468
"278","Republic_of_Korea",2006,921321.674402035,0.0302763732618564,70652008.6250857,41.1176499477,40.71884515,85.1739268223066,0.0415097359086906,0.0489814883722549,21000.105429
"279","Republic_of_Korea",2010,762335.413010184,0.0250517839277014,69913573.0099188,41.1176499477,40.76230634,110.648498744415,0.0431824064039548,0.0466369989162711,20925.732193
"280","Republic_of_Korea",2014,897205.604125883,0.0294838735675843,74743158.1402692,41.1176499477,40.87443071,118.812705080512,0.0589416643899914,0.0589416643899914,20808.5878223
"281","Republic_of_Moldova",2000,53830.4255417979,0.00164039789754427,26057712.3562304,69.1427891816,69.32594806,24.6406278701414,0.000592016265694719,0.000822902609315659,1490.29098115
"282","Republic_of_Moldova",2006,633392.002746598,0.0193016291283098,31580599.5430976,69.1427891816,69.30056749,22.4075170747345,0.000357988379082348,0.000422426287317171,1488.35063795
"283","Republic_of_Moldova",2010,516205.810599256,0.0157305634849506,34280630.3100301,69.1427891816,69.30043484,19.2788934782626,0.0005931870769325,0.0006406420430871,1488.25652322
"284","Republic_of_Moldova",2014,574718.970213139,0.0175136603682319,39587014.9966258,69.1427891816,69.2965879,19.7968489640917,0.000768956182659167,0.000768956182659167,1488.34945143
"285","Romania",2000,4222059.01815522,0.117742186687724,26159517.2981884,54.9165058588,63.31552729,35.7767846937531,0.00122386076494084,0.00170116646326777,4613.28738403
"286","Romania",2006,4074599.92926279,0.113629938256682,40938112.9935878,54.9165058588,63.3217258,37.3261866410159,0.00352215766146706,0.00415614604053113,4623.73957151
"287","Romania",2010,4233476.54050163,0.11806059153281,44032258.5075477,54.9165058588,63.33379218,34.8923697592927,0.00457428795355552,0.00494023098983996,4619.18163133
"288","Romania",2014,4228407.19235092,0.117919220667604,54429523.7699659,54.9165058588,63.34428046,29.2008056758425,0.00469909096466766,0.00469909096466766,4607.82822692
"289","Russian_Federation",2000,510925.103521772,0.0155696422085485,21646274.7145921,8.2958241109,44.47123845,31.0318756656472,0.000563988806685237,0.00078394444129248,3839.79075578
"290","Russian_Federation",2006,504655.488658973,0.01537858551643,25887750.5689976,8.2958241109,44.37074149,24.426962163745,0.00132325312412837,0.00156143868647148,3814.82756491
"291","Russian_Federation",2010,917069.463227007,0.0279462553795259,24250532.8756617,8.2958241109,44.27408719,29.3907902226017,0.00253096840383624,0.00273344587614314,3806.46197563
"292","Russian_Federation",2014,718314.642952828,0.0218895135644087,32492046.3685087,8.2958241109,44.20207757,23.1436567027744,0.00343980268099574,0.00343980268099574,3800.73580906
"293","Saudi_Arabia",2000,2764443.68144017,0.0933683174396192,49936201.7795495,5.34736762175,18.50882937,21.089549853934,0.0116872604469652,0.0162452920212816,2851.55583031
"294","Saudi_Arabia",2006,640277.25410617,0.0216251864026431,70827981.3160986,5.34736762175,18.54134396,26.510626921423,0.0161396485440507,0.0190447852819799,2753.92099081
"295","Saudi_Arabia",2010,539061.145742017,0.0182066404582294,77195242.9812955,5.34736762175,18.46943055,58.3190309052907,0.0423613162166937,0.0457502215140292,2699.19284025
"296","Saudi_Arabia",2014,468421.488467951,0.0158208056559249,53112083.727134,5.34736762175,18.44690436,84.0013821583948,0.0598075580501004,0.0598075580501004,2677.92952636
"297","Slovakia",2000,2202664.68966427,0.0614265589338505,36908583.2629605,54.5831994653,65.65583525,44.0118425885502,0.00409529255749794,0.00569245665492214,12688.5188655
"298","Slovakia",2006,3494986.44211666,0.097466033603331,51862316.5202454,54.5831994653,65.67158744,36.299183733153,0.00811760838273177,0.00957877789162349,12680.0787894
"299","Slovakia",2010,3737844.89105386,0.104238720747327,48415711.5016265,54.5831994653,65.6517938,32.1269336593789,0.012510572349405,0.0135114181373574,12678.4199902
"300","Slovakia",2014,3795392.74229461,0.10584357984928,79997814.2640225,54.5831994653,65.53389867,27.9689356633762,0.0123172177499433,0.0123172177499433,12662.2822922
"301","Slovenia",2000,4395200.53851025,0.122570650980946,70129158.1305569,47.2756383915,53.45225942,216.406400459851,0.0231937400914139,0.0322392987270654,18202.2670351
"302","Slovenia",2006,4202243.87536408,0.117189594165515,73720394.5693245,47.2756383915,53.34713823,212.129838470164,0.0389513188067602,0.045962556191977,18058.3666473
"303","Slovenia",2010,4435203.20234453,0.123686220681163,87407872.0389191,47.2756383915,53.31054227,212.534793037897,0.0462352315931483,0.0499340501206001,18087.8511176
"304","Slovenia",2014,4251319.00836248,0.118558171309125,95400467.6464649,47.2756383915,53.34536291,189.203644378844,0.0448393603936039,0.0448393603936039,18147.9536852
"305","South_Africa",2000,1414939.27789041,0.0477891810720604,42156699.7648501,29.2218229064,41.66979321,8.68539977046981,0.00227807586124696,0.00316652544713328,3372.49684602
"306","South_Africa",2006,2257211.99572816,0.0762367081523862,44453884.5411392,29.2218229064,41.74690607,13.0367511171146,0.00499154302125082,0.00589002076507597,3372.60896516
"307","South_Africa",2010,1917827.96902045,0.0647741069236742,55850013.2028738,29.2218229064,41.75255455,12.6556486275406,0.00537868503715109,0.00580897984012317,3369.08638714
"308","South_Africa",2014,2109487.52575219,0.0712473552135234,60881223.9610174,29.2218229064,41.75967707,11.2448844640433,0.0045582897685817,0.0045582897685817,3368.10030754
"309","Spain",2000,2653300.32285305,0.0921748951301082,48024117.2584343,34.5919257511,35.13288871,65.9220324853561,0.00643889330465137,0.0089500616934654,9565.28851675
"310","Spain",2006,2550018.55862034,0.0885869161497395,41760514.0429938,34.5919257511,35.10922851,79.0206245228978,0.0112844985008655,0.0133157082310213,9519.69853996
"311","Spain",2010,2653813.77498052,0.0921927323103162,45010077.6152497,34.5919257511,35.09934297,78.6939099791628,0.0133294775651444,0.0143958357703559,9501.41885722
"312","Spain",2014,2568313.16480377,0.0892224655415217,44884758.0014054,34.5919257511,35.08861355,74.3558856437615,0.0130383327061568,0.0130383327061568,9489.18067822
"313","Sri_Lanka",2000,2788145.63518859,0.0916237404424179,39579404.5033284,62.6960573752,67.73351643,11.237305713579,0.00202878835131037,0.00282001580832141,1195.56181571
"314","Sri_Lanka",2006,1036622.1520185,0.0340653650923722,42433614.4906843,62.6960573752,67.77494949,11.4024693061453,0.00261146767711835,0.00308153185899966,1179.48560078
"315","Sri_Lanka",2010,843446.805125592,0.0277172577265988,47317839.0976397,62.6960573752,67.78198833,10.6585870660671,0.00422547151435081,0.00456350923549887,1176.28477688
"316","Sri_Lanka",2014,992718.370001504,0.0326226037540845,45527311.7641738,62.6960573752,67.82118096,12.0848568583131,0.00756679148013806,0.00756679148013806,1172.93395899
"317","Sweden",2000,2943354.6013149,0.102251297891222,68244001.6415462,10.269543902,25.41347593,82.6002852886655,0.0224530128943238,0.0312096879231102,16740.4618622
"318","Sweden",2006,2599406.99668892,0.0903026563772596,63373443.301336,10.269543902,25.13047003,87.3260249134092,0.0406100940128649,0.0479199109351806,16717.3929491
"319","Sweden",2010,2695915.82089915,0.093655345356373,65431011.6536197,10.269543902,24.93334892,78.3572597044221,0.0459657083477659,0.0496429650155871,16888.3242597
"320","Sweden",2014,2671941.5511408,0.0928224860747596,82334600.5534944,10.269543902,24.80214272,70.9352585849871,0.0493983930112166,0.0493983930112166,16888.5028869
"321","Switzerland",2000,5013079.30634967,0.174152942794214,89982555.9892018,20.484897634,52.03229179,383.138936180849,0.080809412399892,0.11232508323585,37592.0683439
"322","Switzerland",2006,537370.808759419,0.0186681083617855,83714389.3558274,20.484897634,52.2489291,405.173086069551,0.119850223411856,0.14142326362599,37516.104762
"323","Switzerland",2010,458344.512259288,0.0159227574003127,83956420.0516624,20.484897634,52.18766238,430.150102849578,0.151720495805118,0.163858135469527,37514.4962224
"324","Switzerland",2014,516351.247965293,0.0179378948253863,97620396.4483521,20.484897634,52.10577756,436.540918431048,0.158141201043168,0.158141201043168,37522.5507684
"325","Syrian_Arab_Republic",2000,1064942.74122351,0.035968145267396,16560778.9478097,17.1790732753,35.86856401,1.78968525128463,0.00190227577622906,0.00264416332895839,2653.0871242
"326","Syrian_Arab_Republic",2006,517455.448885045,0.0174769140484677,28323642.2850398,17.1790732753,35.69070638,2.22558038786073,0.00254821623359511,0.00300689515564222,2655.30200328
"327","Syrian_Arab_Republic",2010,404157.44564713,0.0136503054607747,17707959.5897521,17.1790732753,35.67023518,1.92761412408452,0.00427688793804016,0.00461903897308337,2659.48002827
"328","Syrian_Arab_Republic",2014,472889.143934395,0.0159716994782887,15373499.8271754,17.1790732753,35.65938882,2.00815811209096,0.00585892876199346,0.00585892876199346,2658.48293182
"329","Thailand",2000,1585204.31155104,0.0520928127127511,40325713.0942795,41.5582071179,45.55736009,11.892623961901,0.000844862961736254,0.00117435951681339,1445.81765871
"330","Thailand",2006,1160658.35612194,0.0381414294223002,45282301.3747028,41.5582071179,45.53027062,13.0063066913889,0.00126424511237043,0.00149180923259711,1435.06753634
"331","Thailand",2010,1728439.38326101,0.0567997881544116,46355934.8008784,41.5582071179,45.51271309,11.6544399280046,0.00170425731454933,0.00184059789971328,1429.36078489
"332","Thailand",2014,2428550.57354135,0.0798067664017076,53391879.4191778,41.5582071179,45.4928014,11.0018278118579,0.00237022932843897,0.00237022932843897,1419.36740979
"333","Togo",2000,156791.686012837,0.00529559564183746,17508974.6574876,58.9684287158,65.06562519,8.38843724268475,0.000252205559248701,0.000350565727355695,255.315564196
"334","Togo",2006,486546.213584484,0.0164329632120899,18736280.8842808,58.9684287158,65.25565625,10.0652657109466,0.000353489957533321,0.000417118149889319,250.643062996
"335","Togo",2010,422956.483159393,0.0142852377307965,19559608.8334589,58.9684287158,65.31534334,9.89245604812646,0.00045650943674551,0.00049303019168515,247.378208045
"336","Togo",2014,451398.342546421,0.0152458536310769,17808585.4927925,58.9684287158,65.37257219,6.91857160038647,0.000399137793944513,0.000399137793944513,242.606694016
"337","Turkey",2000,1662022.08466457,0.0577381723577944,33327166.7720933,27.6807563085,31.23981773,4.34992556290488,0.00346327609953108,0.0048139537783482,3496.92183148
"338","Turkey",2006,1926494.50849096,0.0669258687979736,37332351.4280094,27.6807563085,31.22403743,4.96110922633943,0.00633176714220612,0.00747148522780322,3491.96806398
"339","Turkey",2010,2038791.65025887,0.0708270394180931,38397438.7196443,27.6807563085,31.15337518,4.46048383306965,0.00984872641220061,0.0106366245251767,3486.39568462
"340","Turkey",2014,2291324.2054271,0.0795999482324788,40241434.8690334,27.6807563085,31.12553066,5.97799349424492,0.0114751298160013,0.0114751298160013,3481.68805132
"341","Ukraine",2000,489167.024938876,0.0149065988459381,26451714.2474706,59.6949215947,63.06229101,32.8426901731626,0.000810232795627754,0.00112622358592258,2526.57520283
"342","Ukraine",2006,476901.271624457,0.0145328192269539,31242653.9937328,59.6949215947,63.09232912,19.370837831037,0.00131401845641892,0.00155054177857433,2515.34142596
"343","Ukraine",2010,854257.718999503,0.0260321658635165,34219572.7873256,59.6949215947,63.10864761,15.4071524380237,0.0020109054002095,0.00217177783222626,2516.52019485
"344","Ukraine",2014,1488326.16976377,0.0453544086855656,51505201.556287,59.6949215947,63.10788694,14.1553651660802,0.00205384730924384,0.00205384730924384,2516.46636624
"345","United_Republic_of_Tanzania",2000,142565.203716615,0.0048151001540832,21890411.3394742,52.1352217362,56.16023477,10.5613881211479,0.000537298300804657,0.000746844638118473,146.540082572
"346","United_Republic_of_Tanzania",2006,533827.285526715,0.0180298682833078,19570013.7698216,52.1352217362,56.17815204,8.52073156348244,0.000499276875342793,0.000589146712904495,145.109181714
"347","United_Republic_of_Tanzania",2010,495333.925975178,0.0167297657570544,22151533.7818559,52.1352217362,56.18284638,8.08787972866619,0.000667536287384016,0.000720939190374737,144.958983991
"348","United_Republic_of_Tanzania",2014,476371.226072865,0.0160893058352704,22829690.287976,52.1352217362,56.20130469,6.06477883591167,0.000760472564117372,0.000760472564117372,144.922727686
"349","United_States_of_America",2000,2849093.62106327,0.0914032834542114,68836607.7282507,28.5268758248,63.3500301,26.3875450929012,0.0037465300682269,0.00520767679483539,13276.0022376
"350","United_States_of_America",2006,3056515.56963829,0.0980576969912269,74281974.8466243,28.5268758248,63.329049,28.4772228546337,0.00537420482585099,0.00634156169450417,13148.4144877
"351","United_States_of_America",2010,2765329.62944751,0.0887160064155394,80393723.640764,28.5268758248,63.31297515,26.3185367352941,0.00539602305731478,0.00582770490189996,13105.3318195
"352","United_States_of_America",2014,2722390.13975773,0.0873384418741434,87180605.1347911,28.5268758248,63.3159145,25.4314602466063,0.00675373484630784,0.00675373484630784,13078.6290248
"353","Uruguay",2000,2114647.35216566,0.0714216269173528,44832830.0212021,74.7768451873,79.29032927,67.0855920329362,0.00295530352321764,0.00410787189727252,1421.48005499
"354","Uruguay",2006,504210.18953289,0.0170295590930874,47375299.5498098,74.7768451873,79.29194081,39.3338591719967,0.00176058712580213,0.00207749280844652,1389.04305157
"355","Uruguay",2010,383980.402670559,0.0129688314389752,42921225.662152,74.7768451873,79.27634439,23.449717103741,0.00194118038467103,0.00209647481544471,1377.60147627
"356","Uruguay",2014,357486.982583652,0.0120740235348232,41722783.5190587,74.7768451873,79.28818066,17.5047709909727,0.00228387823872153,0.00228387823872153,1370.14665548
"357","Uzbekistan",2000,892970.170726657,0.0272118671900962,37378177.123915,6.50137120022,26.31923641,77.5800378034973,0.00148626242294628,0.00206590476789533,910.030400583
"358","Uzbekistan",2006,896520.647607372,0.027320062411512,57083804.3338771,6.50137120022,26.17188119,93.4953441729548,0.00166351060007186,0.0019629425080848,903.493331929
"359","Uzbekistan",2010,3264210.75666788,0.099471709697366,62031567.8404051,6.50137120022,26.09626856,112.207732241261,0.00318695227325628,0.00344190845511678,900.71894489
"360","Uzbekistan",2014,4202137.12259706,0.128053546516154,67624282.9396545,6.50137120022,25.95863154,138.603295381249,0.00503061506565308,0.00503061506565308,896.81269624
"361","Venezuela_(Bolivarian_Republic_of)",2000,2343234.24300052,0.0791420856589418,52157111.3037581,23.1569522426,46.45824649,105.477803118163,0.00735077167949929,0.010217572634504,3125.6586952
"362","Venezuela_(Bolivarian_Republic_of)",2006,784711.469247982,0.0265034118984425,52447483.7171641,23.1569522426,46.420303,88.3065520372975,0.00621075301291962,0.00732868855524515,3109.0356686
"363","Venezuela_(Bolivarian_Republic_of)",2010,661093.159912568,0.0223282378390582,50654981.4329993,23.1569522426,46.40419808,110.291726794535,0.0137026939830212,0.0147989095016629,3102.54241342
"364","Venezuela_(Bolivarian_Republic_of)",2014,853776.82297652,0.0288360750358034,57677883.3318733,23.1569522426,46.37839421,142.672016811912,0.0222877858557616,0.0222877858557616,3100.25634785
"365","Viet_Nam",2000,2980035.23325471,0.0979295956692452,48029188.3160844,45.6085260241,56.50659993,22.9499182991658,0.000539201939138824,0.000749490695402965,1021.53253139
"366","Viet_Nam",2006,3109433.34798928,0.102181862526667,57031354.2274859,45.6085260241,56.37130689,28.0473163432955,0.000910372166374766,0.00107423915632222,1010.92081791
"367","Viet_Nam",2010,3055734.85276773,0.100417228381939,62059684.6243836,45.6085260241,56.30329831,28.2130124593181,0.00137819477606989,0.00148845035815548,1004.56779551
"368","Viet_Nam",2014,3180324.97279311,0.104511495437011,67411983.3941085,45.6085260241,56.19481883,26.7223420832446,0.00200077883071418,0.00200077883071418,993.646979167
"369","Zambia",2000,294940.888629872,0.00996154658544932,23191891.3395015,45.4478112096,44.96121865,9.10549677494929,0.000221340030936136,0.00030766264300123,115.770281871
"370","Zambia",2006,591326.344180748,0.0199718830173869,27005234.6865356,45.4478112096,45.05223467,9.22723847909684,0.00064314266415893,0.000758908343707538,116.957245451
"371","Zambia",2010,511155.796508341,0.017264145039348,33063152.0201328,45.4478112096,45.05323337,9.27991513723994,0.000728674928147921,0.000786968922399755,116.775947631
"372","Zambia",2014,555608.581639371,0.0187655255091526,35762518.4024667,45.4478112096,45.06339741,12.0353525931388,0.000894503324404662,0.000894503324404662,116.874555638
"373","Zimbabwe",2000,1825229.95710581,0.0616466347929274,19344821.7253849,40.9295662257,42.04296607,7.82098585377143,0.00235038627623798,0.00326703692397079,59.2297049434
"374","Zimbabwe",2006,617628.898876452,0.0208602444959692,14869947.1194409,40.9295662257,42.0035655,4.57556740451978,0.000643325402156971,0.000759123974545226,59.1657608533
"375","Zimbabwe",2010,477759.409707602,0.0161361913519271,11948527.4634342,40.9295662257,42.00501333,7.38044688676793,0.00449797976690947,0.00485781814826223,58.9123336777
"376","Zimbabwe",2014,528222.616606021,0.0178405721473638,14729696.1717621,40.9295662257,42.00762008,7.49788345461505,0.00458331055000262,0.00458331055000262,58.8248476004
