<?xml version="1.0" encoding="UTF-8"?>
<metadata xml:lang="de"><Esri><CreaDate>20200812</CreaDate><CreaTime>10543300</CreaTime><ArcGISFormat>1.0</ArcGISFormat><SyncOnce>FALSE</SyncOnce><DataProperties><itemProps><itemName Sync="TRUE">Countries_copr_EU</itemName><imsContentType Sync="TRUE">002</imsContentType><itemSize Sync="TRUE">0.000</itemSize><itemLocation><linkage Sync="TRUE">file://\\MODMON074\C$\Users\schroema\ownCloud\Data\adm_boundaries\Countries_copr_EU.shp</linkage><protocol Sync="TRUE">Local Area Network</protocol></itemLocation></itemProps><coordRef><type Sync="TRUE">Geographic</type><geogcsn Sync="TRUE">GCS_WGS_1984</geogcsn><csUnits Sync="TRUE">Angular Unit: Degree (0.017453)</csUnits><peXml Sync="TRUE">&lt;GeographicCoordinateSystem xsi:type='typens:GeographicCoordinateSystem' xmlns:xsi='http://www.w3.org/2001/XMLSchema-instance' xmlns:xs='http://www.w3.org/2001/XMLSchema' xmlns:typens='http://www.esri.com/schemas/ArcGIS/10.7'&gt;&lt;WKT&gt;GEOGCS[&amp;quot;GCS_WGS_1984&amp;quot;,DATUM[&amp;quot;D_WGS_1984&amp;quot;,SPHEROID[&amp;quot;WGS_1984&amp;quot;,6378137.0,298.257223563]],PRIMEM[&amp;quot;Greenwich&amp;quot;,0.0],UNIT[&amp;quot;Degree&amp;quot;,0.0174532925199433],AUTHORITY[&amp;quot;EPSG&amp;quot;,4326]]&lt;/WKT&gt;&lt;XOrigin&gt;-400&lt;/XOrigin&gt;&lt;YOrigin&gt;-400&lt;/YOrigin&gt;&lt;XYScale&gt;11258999068426.238&lt;/XYScale&gt;&lt;ZOrigin&gt;-100000&lt;/ZOrigin&gt;&lt;ZScale&gt;10000&lt;/ZScale&gt;&lt;MOrigin&gt;-100000&lt;/MOrigin&gt;&lt;MScale&gt;10000&lt;/MScale&gt;&lt;XYTolerance&gt;8.983152841195215e-09&lt;/XYTolerance&gt;&lt;ZTolerance&gt;0.001&lt;/ZTolerance&gt;&lt;MTolerance&gt;0.001&lt;/MTolerance&gt;&lt;HighPrecision&gt;true&lt;/HighPrecision&gt;&lt;LeftLongitude&gt;-180&lt;/LeftLongitude&gt;&lt;WKID&gt;4326&lt;/WKID&gt;&lt;LatestWKID&gt;4326&lt;/LatestWKID&gt;&lt;/GeographicCoordinateSystem&gt;</peXml></coordRef><lineage><Process ToolSource="c:\program files (x86)\arcgis\desktop10.7\ArcToolbox\Toolboxes\Data Management Tools.tbx\Merge" Date="20200812" Time="105437">Merge Countries_included;EU27n_merged C:\Users\schroema\ownCloud\Data\adm_boundaries\Countries_copr_EU.shp "scalerank "scalerank" true true false 4 Short 0 4 ,First,#,Countries_included,scalerank,-1,-1,EU27n_merged,scalerank,-1,-1;featurecla "featurecla" true true false 30 Text 0 0 ,First,#,Countries_included,featurecla,-1,-1,EU27n_merged,featurecla,-1,-1;LABELRANK "LABELRANK" true true false 6 Float 2 5 ,First,#,Countries_included,LABELRANK,-1,-1,EU27n_merged,LABELRANK,-1,-1;SOVEREIGNT "SOVEREIGNT" true true false 32 Text 0 0 ,First,#,Countries_included,SOVEREIGNT,-1,-1,EU27n_merged,SOVEREIGNT,-1,-1;SOV_A3 "SOV_A3" true true false 3 Text 0 0 ,First,#,Countries_included,SOV_A3,-1,-1,EU27n_merged,SOV_A3,-1,-1;ADM0_DIF "ADM0_DIF" true true false 4 Float 2 3 ,First,#,Countries_included,ADM0_DIF,-1,-1,EU27n_merged,ADM0_DIF,-1,-1;LEVEL "LEVEL" true true false 4 Float 2 3 ,First,#,Countries_included,LEVEL,-1,-1,EU27n_merged,LEVEL,-1,-1;TYPE "TYPE" true true false 17 Text 0 0 ,First,#,Countries_included,TYPE,-1,-1,EU27n_merged,TYPE,-1,-1;ADMIN "ADMIN" true true false 36 Text 0 0 ,First,#,Countries_included,ADMIN,-1,-1,EU27n_merged,ADMIN,-1,-1;ADM0_A3 "ADM0_A3" true true false 3 Text 0 0 ,First,#,Countries_included,ADM0_A3,-1,-1,EU27n_merged,ADM0_A3,-1,-1;GEOU_DIF "GEOU_DIF" true true false 4 Float 2 3 ,First,#,Countries_included,GEOU_DIF,-1,-1,EU27n_merged,GEOU_DIF,-1,-1;GEOUNIT "GEOUNIT" true true false 36 Text 0 0 ,First,#,Countries_included,GEOUNIT,-1,-1,EU27n_merged,GEOUNIT,-1,-1;GU_A3 "GU_A3" true true false 3 Text 0 0 ,First,#,Countries_included,GU_A3,-1,-1,EU27n_merged,GU_A3,-1,-1;SU_DIF "SU_DIF" true true false 4 Float 2 3 ,First,#,Countries_included,SU_DIF,-1,-1,EU27n_merged,SU_DIF,-1,-1;SUBUNIT "SUBUNIT" true true false 36 Text 0 0 ,First,#,Countries_included,SUBUNIT,-1,-1,EU27n_merged,SUBUNIT,-1,-1;SU_A3 "SU_A3" true true false 3 Text 0 0 ,First,#,Countries_included,SU_A3,-1,-1,EU27n_merged,SU_A3,-1,-1;BRK_DIFF "BRK_DIFF" true true false 4 Float 2 3 ,First,#,Countries_included,BRK_DIFF,-1,-1,EU27n_merged,BRK_DIFF,-1,-1;NAME "NAME" true true false 36 Text 0 0 ,First,#,Countries_included,NAME,-1,-1,EU27n_merged,NAME,-1,-1;NAME_LONG "NAME_LONG" true true false 36 Text 0 0 ,First,#,Countries_included,NAME_LONG,-1,-1,EU27n_merged,NAME_LONG,-1,-1;BRK_A3 "BRK_A3" true true false 3 Text 0 0 ,First,#,Countries_included,BRK_A3,-1,-1,EU27n_merged,BRK_A3,-1,-1;BRK_NAME "BRK_NAME" true true false 36 Text 0 0 ,First,#,Countries_included,BRK_NAME,-1,-1,EU27n_merged,BRK_NAME,-1,-1;BRK_GROUP "BRK_GROUP" true true false 30 Text 0 0 ,First,#,Countries_included,BRK_GROUP,-1,-1,EU27n_merged,BRK_GROUP,-1,-1;ABBREV "ABBREV" true true false 13 Text 0 0 ,First,#,Countries_included,ABBREV,-1,-1,EU27n_merged,ABBREV,-1,-1;POSTAL "POSTAL" true true false 4 Text 0 0 ,First,#,Countries_included,POSTAL,-1,-1,EU27n_merged,POSTAL,-1,-1;FORMAL_EN "FORMAL_EN" true true false 52 Text 0 0 ,First,#,Countries_included,FORMAL_EN,-1,-1,EU27n_merged,FORMAL_EN,-1,-1;FORMAL_FR "FORMAL_FR" true true false 35 Text 0 0 ,First,#,Countries_included,FORMAL_FR,-1,-1,EU27n_merged,FORMAL_FR,-1,-1;NAME_CIAWF "NAME_CIAWF" true true false 45 Text 0 0 ,First,#,Countries_included,NAME_CIAWF,-1,-1,EU27n_merged,NAME_CIAWF,-1,-1;NOTE_ADM0 "NOTE_ADM0" true true false 22 Text 0 0 ,First,#,Countries_included,NOTE_ADM0,-1,-1,EU27n_merged,NOTE_ADM0,-1,-1;NOTE_BRK "NOTE_BRK" true true false 164 Text 0 0 ,First,#,Countries_included,NOTE_BRK,-1,-1,EU27n_merged,NOTE_BRK,-1,-1;NAME_SORT "NAME_SORT" true true false 36 Text 0 0 ,First,#,Countries_included,NAME_SORT,-1,-1,EU27n_merged,NAME_SORT,-1,-1;included "included" true true false 1 Short 0 1 ,First,#,Countries_included,included,-1,-1;NAME_ALT "NAME_ALT" true true false 38 Text 0 0 ,First,#,EU27n_merged,NAME_ALT,-1,-1;MAPCOLOR7 "MAPCOLOR7" true true false 4 Float 2 3 ,First,#,EU27n_merged,MAPCOLOR7,-1,-1;MAPCOLOR8 "MAPCOLOR8" true true false 4 Float 2 3 ,First,#,EU27n_merged,MAPCOLOR8,-1,-1;MAPCOLOR9 "MAPCOLOR9" true true false 4 Float 2 3 ,First,#,EU27n_merged,MAPCOLOR9,-1,-1;MAPCOLOR13 "MAPCOLOR13" true true false 6 Float 2 5 ,First,#,EU27n_merged,MAPCOLOR13,-1,-1;POP_EST "POP_EST" true true false 13 Double 2 12 ,First,#,EU27n_merged,POP_EST,-1,-1;POP_RANK "POP_RANK" true true false 5 Float 2 4 ,First,#,EU27n_merged,POP_RANK,-1,-1;GDP_MD_EST "GDP_MD_EST" true true false 11 Double 2 10 ,First,#,EU27n_merged,GDP_MD_EST,-1,-1;POP_YEAR "POP_YEAR" true true false 7 Float 2 6 ,First,#,EU27n_merged,POP_YEAR,-1,-1;LASTCENSUS "LASTCENSUS" true true false 7 Float 2 6 ,First,#,EU27n_merged,LASTCENSUS,-1,-1;GDP_YEAR "GDP_YEAR" true true false 7 Float 2 6 ,First,#,EU27n_merged,GDP_YEAR,-1,-1;ECONOMY "ECONOMY" true true false 26 Text 0 0 ,First,#,EU27n_merged,ECONOMY,-1,-1;INCOME_GRP "INCOME_GRP" true true false 23 Text 0 0 ,First,#,EU27n_merged,INCOME_GRP,-1,-1;WIKIPEDIA "WIKIPEDIA" true true false 6 Float 2 5 ,First,#,EU27n_merged,WIKIPEDIA,-1,-1;FIPS_10_ "FIPS_10_" true true false 3 Text 0 0 ,First,#,EU27n_merged,FIPS_10_,-1,-1;ISO_A2 "ISO_A2" true true false 5 Text 0 0 ,First,#,EU27n_merged,ISO_A2,-1,-1;ISO_A3 "ISO_A3" true true false 3 Text 0 0 ,First,#,EU27n_merged,ISO_A3,-1,-1;ISO_A3_EH "ISO_A3_EH" true true false 3 Text 0 0 ,First,#,EU27n_merged,ISO_A3_EH,-1,-1;ISO_N3 "ISO_N3" true true false 3 Text 0 0 ,First,#,EU27n_merged,ISO_N3,-1,-1;UN_A3 "UN_A3" true true false 4 Text 0 0 ,First,#,EU27n_merged,UN_A3,-1,-1;WB_A2 "WB_A2" true true false 3 Text 0 0 ,First,#,EU27n_merged,WB_A2,-1,-1;WB_A3 "WB_A3" true true false 3 Text 0 0 ,First,#,EU27n_merged,WB_A3,-1,-1;WOE_ID "WOE_ID" true true false 11 Double 2 10 ,First,#,EU27n_merged,WOE_ID,-1,-1;WOE_ID_EH "WOE_ID_EH" true true false 11 Double 2 10 ,First,#,EU27n_merged,WOE_ID_EH,-1,-1;WOE_NOTE "WOE_NOTE" true true false 190 Text 0 0 ,First,#,EU27n_merged,WOE_NOTE,-1,-1;ADM0_A3_IS "ADM0_A3_IS" true true false 3 Text 0 0 ,First,#,EU27n_merged,ADM0_A3_IS,-1,-1;ADM0_A3_US "ADM0_A3_US" true true false 3 Text 0 0 ,First,#,EU27n_merged,ADM0_A3_US,-1,-1;ADM0_A3_UN "ADM0_A3_UN" true true false 6 Float 2 5 ,First,#,EU27n_merged,ADM0_A3_UN,-1,-1;ADM0_A3_WB "ADM0_A3_WB" true true false 6 Float 2 5 ,First,#,EU27n_merged,ADM0_A3_WB,-1,-1;CONTINENT "CONTINENT" true true false 23 Text 0 0 ,First,#,EU27n_merged,CONTINENT,-1,-1;REGION_UN "REGION_UN" true true false 23 Text 0 0 ,First,#,EU27n_merged,REGION_UN,-1,-1;SUBREGION "SUBREGION" true true false 25 Text 0 0 ,First,#,EU27n_merged,SUBREGION,-1,-1;REGION_WB "REGION_WB" true true false 26 Text 0 0 ,First,#,EU27n_merged,REGION_WB,-1,-1;NAME_LEN "NAME_LEN" true true false 5 Float 2 4 ,First,#,EU27n_merged,NAME_LEN,-1,-1;LONG_LEN "LONG_LEN" true true false 5 Float 2 4 ,First,#,EU27n_merged,LONG_LEN,-1,-1;ABBREV_LEN "ABBREV_LEN" true true false 5 Float 2 4 ,First,#,EU27n_merged,ABBREV_LEN,-1,-1;TINY "TINY" true true false 6 Float 2 5 ,First,#,EU27n_merged,TINY,-1,-1;HOMEPART "HOMEPART" true true false 6 Float 2 5 ,First,#,EU27n_merged,HOMEPART,-1,-1;MIN_ZOOM "MIN_ZOOM" true true false 6 Float 2 5 ,First,#,EU27n_merged,MIN_ZOOM,-1,-1;MIN_LABEL "MIN_LABEL" true true false 6 Float 2 5 ,First,#,EU27n_merged,MIN_LABEL,-1,-1;MAX_LABEL "MAX_LABEL" true true false 6 Float 2 5 ,First,#,EU27n_merged,MAX_LABEL,-1,-1"</Process></lineage></DataProperties><SyncDate>20200812</SyncDate><SyncTime>10543300</SyncTime><ModDate>20200812</ModDate><ModTime>10543300</ModTime></Esri><dataIdInfo><envirDesc Sync="TRUE"> Version 6.2 (Build 9200) ; Esri ArcGIS 10.7.0.10450</envirDesc><dataLang><languageCode value="deu" Sync="TRUE"></languageCode><countryCode value="DEU" Sync="TRUE"></countryCode></dataLang><idCitation><resTitle Sync="TRUE">Countries_copr_EU</resTitle><presForm><PresFormCd value="005" Sync="TRUE"></PresFormCd></presForm></idCitation><spatRpType><SpatRepTypCd value="001" Sync="TRUE"></SpatRepTypCd></spatRpType></dataIdInfo><mdLang><languageCode value="deu" Sync="TRUE"></languageCode><countryCode value="DEU" Sync="TRUE"></countryCode></mdLang><mdChar><CharSetCd value="004" Sync="TRUE"></CharSetCd></mdChar><distInfo><distFormat><formatName Sync="TRUE">Shapefile</formatName></distFormat><distTranOps><transSize Sync="TRUE">0.000</transSize></distTranOps></distInfo><mdHrLv><ScopeCd value="005" Sync="TRUE"></ScopeCd></mdHrLv><mdHrLvName Sync="TRUE">dataset</mdHrLvName><refSysInfo><RefSystem><refSysID><identCode code="4326" Sync="TRUE"></identCode><idCodeSpace Sync="TRUE">EPSG</idCodeSpace><idVersion Sync="TRUE">6.14(3.0.1)</idVersion></refSysID></RefSystem></refSysInfo><spatRepInfo><VectSpatRep><geometObjs Name="Countries_copr_EU"><geoObjTyp><GeoObjTypCd value="002" Sync="TRUE"></GeoObjTypCd></geoObjTyp><geoObjCnt Sync="TRUE">0</geoObjCnt></geometObjs><topLvl><TopoLevCd value="001" Sync="TRUE"></TopoLevCd></topLvl></VectSpatRep></spatRepInfo><spdoinfo><ptvctinf><esriterm Name="Countries_copr_EU"><efeatyp Sync="TRUE">Simple</efeatyp><efeageom code="4" Sync="TRUE"></efeageom><esritopo Sync="TRUE">FALSE</esritopo><efeacnt Sync="TRUE">0</efeacnt><spindex Sync="TRUE">FALSE</spindex><linrefer Sync="TRUE">FALSE</linrefer></esriterm></ptvctinf></spdoinfo><eainfo><detailed Name="Countries_copr_EU"><enttyp><enttypl Sync="TRUE">Countries_copr_EU</enttypl><enttypt Sync="TRUE">Feature Class</enttypt><enttypc Sync="TRUE">0</enttypc></enttyp><attr><attrlabl Sync="TRUE">FID</attrlabl><attalias Sync="TRUE">FID</attalias><attrtype Sync="TRUE">OID</attrtype><attwidth Sync="TRUE">4</attwidth><atprecis Sync="TRUE">0</atprecis><attscale Sync="TRUE">0</attscale><attrdef Sync="TRUE">Internal feature number.</attrdef><attrdefs Sync="TRUE">Esri</attrdefs><attrdomv><udom Sync="TRUE">Sequential unique whole numbers that are automatically generated.</udom></attrdomv></attr><attr><attrlabl Sync="TRUE">Shape</attrlabl><attalias Sync="TRUE">Shape</attalias><attrtype Sync="TRUE">Geometry</attrtype><attwidth Sync="TRUE">0</attwidth><atprecis Sync="TRUE">0</atprecis><attscale Sync="TRUE">0</attscale><attrdef Sync="TRUE">Feature geometry.</attrdef><attrdefs Sync="TRUE">Esri</attrdefs><attrdomv><udom Sync="TRUE">Coordinates defining the features.</udom></attrdomv></attr><attr><attrlabl Sync="TRUE">scalerank</attrlabl><attalias Sync="TRUE">scalerank</attalias><attrtype Sync="TRUE">SmallInteger</attrtype><attwidth Sync="TRUE">4</attwidth><atprecis Sync="TRUE">4</atprecis><attscale Sync="TRUE">0</attscale></attr><attr><attrlabl Sync="TRUE">featurecla</attrlabl><attalias Sync="TRUE">featurecla</attalias><attrtype Sync="TRUE">String</attrtype><attwidth Sync="TRUE">30</attwidth><atprecis Sync="TRUE">0</atprecis><attscale Sync="TRUE">0</attscale></attr><attr><attrlabl Sync="TRUE">LABELRANK</attrlabl><attalias Sync="TRUE">LABELRANK</attalias><attrtype Sync="TRUE">Single</attrtype><attwidth Sync="TRUE">6</attwidth><atprecis Sync="TRUE">5</atprecis><attscale Sync="TRUE">2</attscale></attr><attr><attrlabl Sync="TRUE">SOVEREIGNT</attrlabl><attalias Sync="TRUE">SOVEREIGNT</attalias><attrtype Sync="TRUE">String</attrtype><attwidth Sync="TRUE">32</attwidth><atprecis Sync="TRUE">0</atprecis><attscale Sync="TRUE">0</attscale></attr><attr><attrlabl Sync="TRUE">SOV_A3</attrlabl><attalias Sync="TRUE">SOV_A3</attalias><attrtype Sync="TRUE">String</attrtype><attwidth Sync="TRUE">3</attwidth><atprecis Sync="TRUE">0</atprecis><attscale Sync="TRUE">0</attscale></attr><attr><attrlabl Sync="TRUE">ADM0_DIF</attrlabl><attalias Sync="TRUE">ADM0_DIF</attalias><attrtype Sync="TRUE">Single</attrtype><attwidth Sync="TRUE">4</attwidth><atprecis Sync="TRUE">3</atprecis><attscale Sync="TRUE">2</attscale></attr><attr><attrlabl Sync="TRUE">LEVEL</attrlabl><attalias Sync="TRUE">LEVEL</attalias><attrtype Sync="TRUE">Single</attrtype><attwidth Sync="TRUE">4</attwidth><atprecis Sync="TRUE">3</atprecis><attscale Sync="TRUE">2</attscale></attr><attr><attrlabl Sync="TRUE">TYPE</attrlabl><attalias Sync="TRUE">TYPE</attalias><attrtype Sync="TRUE">String</attrtype><attwidth Sync="TRUE">17</attwidth><atprecis Sync="TRUE">0</atprecis><attscale Sync="TRUE">0</attscale></attr><attr><attrlabl Sync="TRUE">ADMIN</attrlabl><attalias Sync="TRUE">ADMIN</attalias><attrtype Sync="TRUE">String</attrtype><attwidth Sync="TRUE">36</attwidth><atprecis Sync="TRUE">0</atprecis><attscale Sync="TRUE">0</attscale></attr><attr><attrlabl Sync="TRUE">ADM0_A3</attrlabl><attalias Sync="TRUE">ADM0_A3</attalias><attrtype Sync="TRUE">String</attrtype><attwidth Sync="TRUE">3</attwidth><atprecis Sync="TRUE">0</atprecis><attscale Sync="TRUE">0</attscale></attr><attr><attrlabl Sync="TRUE">GEOU_DIF</attrlabl><attalias Sync="TRUE">GEOU_DIF</attalias><attrtype Sync="TRUE">Single</attrtype><attwidth Sync="TRUE">4</attwidth><atprecis Sync="TRUE">3</atprecis><attscale Sync="TRUE">2</attscale></attr><attr><attrlabl Sync="TRUE">GEOUNIT</attrlabl><attalias Sync="TRUE">GEOUNIT</attalias><attrtype Sync="TRUE">String</attrtype><attwidth Sync="TRUE">36</attwidth><atprecis Sync="TRUE">0</atprecis><attscale Sync="TRUE">0</attscale></attr><attr><attrlabl Sync="TRUE">GU_A3</attrlabl><attalias Sync="TRUE">GU_A3</attalias><attrtype Sync="TRUE">String</attrtype><attwidth Sync="TRUE">3</attwidth><atprecis Sync="TRUE">0</atprecis><attscale Sync="TRUE">0</attscale></attr><attr><attrlabl Sync="TRUE">SU_DIF</attrlabl><attalias Sync="TRUE">SU_DIF</attalias><attrtype Sync="TRUE">Single</attrtype><attwidth Sync="TRUE">4</attwidth><atprecis Sync="TRUE">3</atprecis><attscale Sync="TRUE">2</attscale></attr><attr><attrlabl Sync="TRUE">SUBUNIT</attrlabl><attalias Sync="TRUE">SUBUNIT</attalias><attrtype Sync="TRUE">String</attrtype><attwidth Sync="TRUE">36</attwidth><atprecis Sync="TRUE">0</atprecis><attscale Sync="TRUE">0</attscale></attr><attr><attrlabl Sync="TRUE">SU_A3</attrlabl><attalias Sync="TRUE">SU_A3</attalias><attrtype Sync="TRUE">String</attrtype><attwidth Sync="TRUE">3</attwidth><atprecis Sync="TRUE">0</atprecis><attscale Sync="TRUE">0</attscale></attr><attr><attrlabl Sync="TRUE">BRK_DIFF</attrlabl><attalias Sync="TRUE">BRK_DIFF</attalias><attrtype Sync="TRUE">Single</attrtype><attwidth Sync="TRUE">4</attwidth><atprecis Sync="TRUE">3</atprecis><attscale Sync="TRUE">2</attscale></attr><attr><attrlabl Sync="TRUE">NAME</attrlabl><attalias Sync="TRUE">NAME</attalias><attrtype Sync="TRUE">String</attrtype><attwidth Sync="TRUE">36</attwidth><atprecis Sync="TRUE">0</atprecis><attscale Sync="TRUE">0</attscale></attr><attr><attrlabl Sync="TRUE">NAME_LONG</attrlabl><attalias Sync="TRUE">NAME_LONG</attalias><attrtype Sync="TRUE">String</attrtype><attwidth Sync="TRUE">36</attwidth><atprecis Sync="TRUE">0</atprecis><attscale Sync="TRUE">0</attscale></attr><attr><attrlabl Sync="TRUE">BRK_A3</attrlabl><attalias Sync="TRUE">BRK_A3</attalias><attrtype Sync="TRUE">String</attrtype><attwidth Sync="TRUE">3</attwidth><atprecis Sync="TRUE">0</atprecis><attscale Sync="TRUE">0</attscale></attr><attr><attrlabl Sync="TRUE">BRK_NAME</attrlabl><attalias Sync="TRUE">BRK_NAME</attalias><attrtype Sync="TRUE">String</attrtype><attwidth Sync="TRUE">36</attwidth><atprecis Sync="TRUE">0</atprecis><attscale Sync="TRUE">0</attscale></attr><attr><attrlabl Sync="TRUE">BRK_GROUP</attrlabl><attalias Sync="TRUE">BRK_GROUP</attalias><attrtype Sync="TRUE">String</attrtype><attwidth Sync="TRUE">30</attwidth><atprecis Sync="TRUE">0</atprecis><attscale Sync="TRUE">0</attscale></attr><attr><attrlabl Sync="TRUE">ABBREV</attrlabl><attalias Sync="TRUE">ABBREV</attalias><attrtype Sync="TRUE">String</attrtype><attwidth Sync="TRUE">13</attwidth><atprecis Sync="TRUE">0</atprecis><attscale Sync="TRUE">0</attscale></attr><attr><attrlabl Sync="TRUE">POSTAL</attrlabl><attalias Sync="TRUE">POSTAL</attalias><attrtype Sync="TRUE">String</attrtype><attwidth Sync="TRUE">4</attwidth><atprecis Sync="TRUE">0</atprecis><attscale Sync="TRUE">0</attscale></attr><attr><attrlabl Sync="TRUE">FORMAL_EN</attrlabl><attalias Sync="TRUE">FORMAL_EN</attalias><attrtype Sync="TRUE">String</attrtype><attwidth Sync="TRUE">52</attwidth><atprecis Sync="TRUE">0</atprecis><attscale Sync="TRUE">0</attscale></attr><attr><attrlabl Sync="TRUE">FORMAL_FR</attrlabl><attalias Sync="TRUE">FORMAL_FR</attalias><attrtype Sync="TRUE">String</attrtype><attwidth Sync="TRUE">35</attwidth><atprecis Sync="TRUE">0</atprecis><attscale Sync="TRUE">0</attscale></attr><attr><attrlabl Sync="TRUE">NAME_CIAWF</attrlabl><attalias Sync="TRUE">NAME_CIAWF</attalias><attrtype Sync="TRUE">String</attrtype><attwidth Sync="TRUE">45</attwidth><atprecis Sync="TRUE">0</atprecis><attscale Sync="TRUE">0</attscale></attr><attr><attrlabl Sync="TRUE">NOTE_ADM0</attrlabl><attalias Sync="TRUE">NOTE_ADM0</attalias><attrtype Sync="TRUE">String</attrtype><attwidth Sync="TRUE">22</attwidth><atprecis Sync="TRUE">0</atprecis><attscale Sync="TRUE">0</attscale></attr><attr><attrlabl Sync="TRUE">NOTE_BRK</attrlabl><attalias Sync="TRUE">NOTE_BRK</attalias><attrtype Sync="TRUE">String</attrtype><attwidth Sync="TRUE">164</attwidth><atprecis Sync="TRUE">0</atprecis><attscale Sync="TRUE">0</attscale></attr><attr><attrlabl Sync="TRUE">NAME_SORT</attrlabl><attalias Sync="TRUE">NAME_SORT</attalias><attrtype Sync="TRUE">String</attrtype><attwidth Sync="TRUE">36</attwidth><atprecis Sync="TRUE">0</atprecis><attscale Sync="TRUE">0</attscale></attr><attr><attrlabl Sync="TRUE">included</attrlabl><attalias Sync="TRUE">included</attalias><attrtype Sync="TRUE">SmallInteger</attrtype><attwidth Sync="TRUE">1</attwidth><atprecis Sync="TRUE">1</atprecis><attscale Sync="TRUE">0</attscale></attr><attr><attrlabl Sync="TRUE">NAME_ALT</attrlabl><attalias Sync="TRUE">NAME_ALT</attalias><attrtype Sync="TRUE">String</attrtype><attwidth Sync="TRUE">38</attwidth><atprecis Sync="TRUE">0</atprecis><attscale Sync="TRUE">0</attscale></attr><attr><attrlabl Sync="TRUE">MAPCOLOR7</attrlabl><attalias Sync="TRUE">MAPCOLOR7</attalias><attrtype Sync="TRUE">Single</attrtype><attwidth Sync="TRUE">4</attwidth><atprecis Sync="TRUE">3</atprecis><attscale Sync="TRUE">2</attscale></attr><attr><attrlabl Sync="TRUE">MAPCOLOR8</attrlabl><attalias Sync="TRUE">MAPCOLOR8</attalias><attrtype Sync="TRUE">Single</attrtype><attwidth Sync="TRUE">4</attwidth><atprecis Sync="TRUE">3</atprecis><attscale Sync="TRUE">2</attscale></attr><attr><attrlabl Sync="TRUE">MAPCOLOR9</attrlabl><attalias Sync="TRUE">MAPCOLOR9</attalias><attrtype Sync="TRUE">Single</attrtype><attwidth Sync="TRUE">4</attwidth><atprecis Sync="TRUE">3</atprecis><attscale Sync="TRUE">2</attscale></attr><attr><attrlabl Sync="TRUE">MAPCOLOR13</attrlabl><attalias Sync="TRUE">MAPCOLOR13</attalias><attrtype Sync="TRUE">Single</attrtype><attwidth Sync="TRUE">6</attwidth><atprecis Sync="TRUE">5</atprecis><attscale Sync="TRUE">2</attscale></attr><attr><attrlabl Sync="TRUE">POP_EST</attrlabl><attalias Sync="TRUE">POP_EST</attalias><attrtype Sync="TRUE">Double</attrtype><attwidth Sync="TRUE">13</attwidth><atprecis Sync="TRUE">12</atprecis><attscale Sync="TRUE">2</attscale></attr><attr><attrlabl Sync="TRUE">POP_RANK</attrlabl><attalias Sync="TRUE">POP_RANK</attalias><attrtype Sync="TRUE">Single</attrtype><attwidth Sync="TRUE">5</attwidth><atprecis Sync="TRUE">4</atprecis><attscale Sync="TRUE">2</attscale></attr><attr><attrlabl Sync="TRUE">GDP_MD_EST</attrlabl><attalias Sync="TRUE">GDP_MD_EST</attalias><attrtype Sync="TRUE">Double</attrtype><attwidth Sync="TRUE">11</attwidth><atprecis Sync="TRUE">10</atprecis><attscale Sync="TRUE">2</attscale></attr><attr><attrlabl Sync="TRUE">POP_YEAR</attrlabl><attalias Sync="TRUE">POP_YEAR</attalias><attrtype Sync="TRUE">Single</attrtype><attwidth Sync="TRUE">7</attwidth><atprecis Sync="TRUE">6</atprecis><attscale Sync="TRUE">2</attscale></attr><attr><attrlabl Sync="TRUE">LASTCENSUS</attrlabl><attalias Sync="TRUE">LASTCENSUS</attalias><attrtype Sync="TRUE">Single</attrtype><attwidth Sync="TRUE">7</attwidth><atprecis Sync="TRUE">6</atprecis><attscale Sync="TRUE">2</attscale></attr><attr><attrlabl Sync="TRUE">GDP_YEAR</attrlabl><attalias Sync="TRUE">GDP_YEAR</attalias><attrtype Sync="TRUE">Single</attrtype><attwidth Sync="TRUE">7</attwidth><atprecis Sync="TRUE">6</atprecis><attscale Sync="TRUE">2</attscale></attr><attr><attrlabl Sync="TRUE">ECONOMY</attrlabl><attalias Sync="TRUE">ECONOMY</attalias><attrtype Sync="TRUE">String</attrtype><attwidth Sync="TRUE">26</attwidth><atprecis Sync="TRUE">0</atprecis><attscale Sync="TRUE">0</attscale></attr><attr><attrlabl Sync="TRUE">INCOME_GRP</attrlabl><attalias Sync="TRUE">INCOME_GRP</attalias><attrtype Sync="TRUE">String</attrtype><attwidth Sync="TRUE">23</attwidth><atprecis Sync="TRUE">0</atprecis><attscale Sync="TRUE">0</attscale></attr><attr><attrlabl Sync="TRUE">WIKIPEDIA</attrlabl><attalias Sync="TRUE">WIKIPEDIA</attalias><attrtype Sync="TRUE">Single</attrtype><attwidth Sync="TRUE">6</attwidth><atprecis Sync="TRUE">5</atprecis><attscale Sync="TRUE">2</attscale></attr><attr><attrlabl Sync="TRUE">FIPS_10_</attrlabl><attalias Sync="TRUE">FIPS_10_</attalias><attrtype Sync="TRUE">String</attrtype><attwidth Sync="TRUE">3</attwidth><atprecis Sync="TRUE">0</atprecis><attscale Sync="TRUE">0</attscale></attr><attr><attrlabl Sync="TRUE">ISO_A2</attrlabl><attalias Sync="TRUE">ISO_A2</attalias><attrtype Sync="TRUE">String</attrtype><attwidth Sync="TRUE">5</attwidth><atprecis Sync="TRUE">0</atprecis><attscale Sync="TRUE">0</attscale></attr><attr><attrlabl Sync="TRUE">ISO_A3</attrlabl><attalias Sync="TRUE">ISO_A3</attalias><attrtype Sync="TRUE">String</attrtype><attwidth Sync="TRUE">3</attwidth><atprecis Sync="TRUE">0</atprecis><attscale Sync="TRUE">0</attscale></attr><attr><attrlabl Sync="TRUE">ISO_A3_EH</attrlabl><attalias Sync="TRUE">ISO_A3_EH</attalias><attrtype Sync="TRUE">String</attrtype><attwidth Sync="TRUE">3</attwidth><atprecis Sync="TRUE">0</atprecis><attscale Sync="TRUE">0</attscale></attr><attr><attrlabl Sync="TRUE">ISO_N3</attrlabl><attalias Sync="TRUE">ISO_N3</attalias><attrtype Sync="TRUE">String</attrtype><attwidth Sync="TRUE">3</attwidth><atprecis Sync="TRUE">0</atprecis><attscale Sync="TRUE">0</attscale></attr><attr><attrlabl Sync="TRUE">UN_A3</attrlabl><attalias Sync="TRUE">UN_A3</attalias><attrtype Sync="TRUE">String</attrtype><attwidth Sync="TRUE">4</attwidth><atprecis Sync="TRUE">0</atprecis><attscale Sync="TRUE">0</attscale></attr><attr><attrlabl Sync="TRUE">WB_A2</attrlabl><attalias Sync="TRUE">WB_A2</attalias><attrtype Sync="TRUE">String</attrtype><attwidth Sync="TRUE">3</attwidth><atprecis Sync="TRUE">0</atprecis><attscale Sync="TRUE">0</attscale></attr><attr><attrlabl Sync="TRUE">WB_A3</attrlabl><attalias Sync="TRUE">WB_A3</attalias><attrtype Sync="TRUE">String</attrtype><attwidth Sync="TRUE">3</attwidth><atprecis Sync="TRUE">0</atprecis><attscale Sync="TRUE">0</attscale></attr><attr><attrlabl Sync="TRUE">WOE_ID</attrlabl><attalias Sync="TRUE">WOE_ID</attalias><attrtype Sync="TRUE">Double</attrtype><attwidth Sync="TRUE">11</attwidth><atprecis Sync="TRUE">10</atprecis><attscale Sync="TRUE">2</attscale></attr><attr><attrlabl Sync="TRUE">WOE_ID_EH</attrlabl><attalias Sync="TRUE">WOE_ID_EH</attalias><attrtype Sync="TRUE">Double</attrtype><attwidth Sync="TRUE">11</attwidth><atprecis Sync="TRUE">10</atprecis><attscale Sync="TRUE">2</attscale></attr><attr><attrlabl Sync="TRUE">WOE_NOTE</attrlabl><attalias Sync="TRUE">WOE_NOTE</attalias><attrtype Sync="TRUE">String</attrtype><attwidth Sync="TRUE">190</attwidth><atprecis Sync="TRUE">0</atprecis><attscale Sync="TRUE">0</attscale></attr><attr><attrlabl Sync="TRUE">ADM0_A3_IS</attrlabl><attalias Sync="TRUE">ADM0_A3_IS</attalias><attrtype Sync="TRUE">String</attrtype><attwidth Sync="TRUE">3</attwidth><atprecis Sync="TRUE">0</atprecis><attscale Sync="TRUE">0</attscale></attr><attr><attrlabl Sync="TRUE">ADM0_A3_US</attrlabl><attalias Sync="TRUE">ADM0_A3_US</attalias><attrtype Sync="TRUE">String</attrtype><attwidth Sync="TRUE">3</attwidth><atprecis Sync="TRUE">0</atprecis><attscale Sync="TRUE">0</attscale></attr><attr><attrlabl Sync="TRUE">ADM0_A3_UN</attrlabl><attalias Sync="TRUE">ADM0_A3_UN</attalias><attrtype Sync="TRUE">Single</attrtype><attwidth Sync="TRUE">6</attwidth><atprecis Sync="TRUE">5</atprecis><attscale Sync="TRUE">2</attscale></attr><attr><attrlabl Sync="TRUE">ADM0_A3_WB</attrlabl><attalias Sync="TRUE">ADM0_A3_WB</attalias><attrtype Sync="TRUE">Single</attrtype><attwidth Sync="TRUE">6</attwidth><atprecis Sync="TRUE">5</atprecis><attscale Sync="TRUE">2</attscale></attr><attr><attrlabl Sync="TRUE">CONTINENT</attrlabl><attalias Sync="TRUE">CONTINENT</attalias><attrtype Sync="TRUE">String</attrtype><attwidth Sync="TRUE">23</attwidth><atprecis Sync="TRUE">0</atprecis><attscale Sync="TRUE">0</attscale></attr><attr><attrlabl Sync="TRUE">REGION_UN</attrlabl><attalias Sync="TRUE">REGION_UN</attalias><attrtype Sync="TRUE">String</attrtype><attwidth Sync="TRUE">23</attwidth><atprecis Sync="TRUE">0</atprecis><attscale Sync="TRUE">0</attscale></attr><attr><attrlabl Sync="TRUE">SUBREGION</attrlabl><attalias Sync="TRUE">SUBREGION</attalias><attrtype Sync="TRUE">String</attrtype><attwidth Sync="TRUE">25</attwidth><atprecis Sync="TRUE">0</atprecis><attscale Sync="TRUE">0</attscale></attr><attr><attrlabl Sync="TRUE">REGION_WB</attrlabl><attalias Sync="TRUE">REGION_WB</attalias><attrtype Sync="TRUE">String</attrtype><attwidth Sync="TRUE">26</attwidth><atprecis Sync="TRUE">0</atprecis><attscale Sync="TRUE">0</attscale></attr><attr><attrlabl Sync="TRUE">NAME_LEN</attrlabl><attalias Sync="TRUE">NAME_LEN</attalias><attrtype Sync="TRUE">Single</attrtype><attwidth Sync="TRUE">5</attwidth><atprecis Sync="TRUE">4</atprecis><attscale Sync="TRUE">2</attscale></attr><attr><attrlabl Sync="TRUE">LONG_LEN</attrlabl><attalias Sync="TRUE">LONG_LEN</attalias><attrtype Sync="TRUE">Single</attrtype><attwidth Sync="TRUE">5</attwidth><atprecis Sync="TRUE">4</atprecis><attscale Sync="TRUE">2</attscale></attr><attr><attrlabl Sync="TRUE">ABBREV_LEN</attrlabl><attalias Sync="TRUE">ABBREV_LEN</attalias><attrtype Sync="TRUE">Single</attrtype><attwidth Sync="TRUE">5</attwidth><atprecis Sync="TRUE">4</atprecis><attscale Sync="TRUE">2</attscale></attr><attr><attrlabl Sync="TRUE">TINY</attrlabl><attalias Sync="TRUE">TINY</attalias><attrtype Sync="TRUE">Single</attrtype><attwidth Sync="TRUE">6</attwidth><atprecis Sync="TRUE">5</atprecis><attscale Sync="TRUE">2</attscale></attr><attr><attrlabl Sync="TRUE">HOMEPART</attrlabl><attalias Sync="TRUE">HOMEPART</attalias><attrtype Sync="TRUE">Single</attrtype><attwidth Sync="TRUE">6</attwidth><atprecis Sync="TRUE">5</atprecis><attscale Sync="TRUE">2</attscale></attr><attr><attrlabl Sync="TRUE">MIN_ZOOM</attrlabl><attalias Sync="TRUE">MIN_ZOOM</attalias><attrtype Sync="TRUE">Single</attrtype><attwidth Sync="TRUE">6</attwidth><atprecis Sync="TRUE">5</atprecis><attscale Sync="TRUE">2</attscale></attr><attr><attrlabl Sync="TRUE">MIN_LABEL</attrlabl><attalias Sync="TRUE">MIN_LABEL</attalias><attrtype Sync="TRUE">Single</attrtype><attwidth Sync="TRUE">6</attwidth><atprecis Sync="TRUE">5</atprecis><attscale Sync="TRUE">2</attscale></attr><attr><attrlabl Sync="TRUE">MAX_LABEL</attrlabl><attalias Sync="TRUE">MAX_LABEL</attalias><attrtype Sync="TRUE">Single</attrtype><attwidth Sync="TRUE">6</attwidth><atprecis Sync="TRUE">5</atprecis><attscale Sync="TRUE">2</attscale></attr></detailed></eainfo><mdDateSt Sync="TRUE">20200812</mdDateSt></metadata>
